region,fluggebiet,site_name,latitude,longitude,elevation_m,wind_N,wind_NE,wind_E,wind_SE,wind_S,wind_SW,wind_W,wind_NW,slope_azimuth,slope_angle,kritischer_foehn,terrain_type,analyse_region,bemerkungen_flug,bemerkung_flug_effekt,bemerkungen_sicherheit,bemerkung_sicherheit_effekt,bemerkungen_sonstiges
Wallis,Galfera,Fiesch -Kuehboden (Heimat- Galfera),46.4048,8.09598,2163,0,0,1,1,1,1,1,0,,,Beide,hochalpin,Oberwallis / Goms,"Startplatz 'Heimat' vorwiegend morgens, 'Galvera' nachmittags nutzbar.","Kein Rating-Abzug — Tageszeit bestimmt den Startplatz: morgens 'Heimat', nachmittags 'Galvera'; best_window frei über den Tag legen.",,,HG-Rampe vor der Seilbahnstation.
Graubünden,Fanas,Fanas -Hörnli -Eggli,47.0005,9.684,1788,0,0,1,1,1,1,1,0,,,Beide,alpen,Prättigau - Davos,Startplatz 'Plandadein' wird erst am späten Nachmittag thermisch aktiv.,Kein Einfluss aufs Tages-Rating — betrifft nur den Alternativstart Plandadein (erst ab spätem Nachmittag aktiv); Hauptstarts ganztags nutzbar.,'Plandadein' nur ausserhalb der Vegetationsperiode nutzbar.,SPERRE (Saison): Alternativstart Plandadein während der Vegetationsperiode nicht nutzbar → in dieser Zeit als Startoption ausschliessen; Hauptstarts unberührt.,"Hauptstartplätze 'Eggli' (1650 m) und 'Hörnli' (1800 m), beide einfach und gross. Alternative 'Mast 4' (bevorzugt von HG, mit Auto erreichbar)."
Solothurn,Obere Wengi,Obere Wengi,47.326,7.62779,947,0,0,1,1,1,1,0,0,,,Süd,jura,Jura Zentral,,,,,"Grosse, leicht geneigte Wiese, einfacher Start. Thermik 100 m links vom Start. An guten Tagen stark frequentiert. Startplatz gehört einem Bauern mit Restaurant; Konsumation anstelle Startgebühr erwartet."
Berneroberland,Grindelwald,Grindelwald - First,46.6571,8.05527,2111,1,0,1,0,0,1,1,1,,,Beide,alpen,Berner Voralpen,,,,,"Grosser Startplatz für alle Niveaus, Gondelzugang von Grindelwald, Toplandung möglich."
Graubünden,Plaun Tir,Disentis: Caischavedra - Lai Alv - Plaun Tir,46.7062,8.79983,2112,0,0,0,0,0,1,0,0,,,Beide,hochalpin,Surselva,,,,,
Wallis,Ruinette,Verbier - Ruinettes _ Fontanets_Attelas,46.0904,7.25185,2169,0,0,0,0,1,1,1,0,,,Beide,hochalpin,Unterwallis,,,Startplatz 'Attelas' klein und steil.,"STATISCH: Attelas klein und steil → erhöhtes Startrisiko; als caution vermerken, Hauptstarts unberührt.",Mehrere Startplätze: Ruinettes direkt aus der Gondel; Fontanets 15 Min. Fussweg (SW/W); Attelas selten genutzt.
Waadt,Mauborget,Mauborget,46.8544,6.612,1173,0,0,1,1,1,1,0,0,,,Süd,jura,Jura West,,,,,
Zürich,Uetliberg,Baldern (Uetliberg),47.3224,8.5006,733,0,1,1,1,0,0,0,0,225,30,Süd,mittelland,Mittelland Ost,Nur fliegbar bei östlichem Wind (Bise) 15 km/h - 25km/h gut fliegbar.,"GRADUIERTES GATE: Optimum 15-25 km/h Ostwind (Bise) = gut fliegbar (Soaring). Unter 15 km/h → Rating-Cap 2-3, unter 10 km/h → Rating 1 (egal wie gut die Thermik). Über 25 km/h → graduell schlechter (zunehmend anspruchsvoll), bis der Wind zu stark wird → Safety übernimmt (nicht fliegbar).","Kleine Lichtung auf einem Kamm, nur Platz für einen Gleitschirm.","STATISCH: sehr enger Startplatz (nur ein Schirm) → erhöhter Anspruch beim Aufziehen/Start; caution_note, kein Wetter-Trigger.",
Zürich,Oberrieden,Oberrieden,47.2672,8.57511,569,0,1,1,1,0,0,0,0,,,Süd,mittelland,Mittelland Ost,Nur bei Bise (Ostwind) ab 15-25 km/h gut fliegbar.,"GRADUIERTES GATE: Optimum 15-25 km/h Bise = gut fliegbar (Soaring), fix über 15 km/h nötig. Unter 15 km/h → Rating-Cap 2, unter 10 km/h → Rating 1 (egal wie gut die Thermik). Über 25 km/h → graduell schlechter, bis der Wind zu stark wird → Safety übernimmt (nicht fliegbar).",,,"Startplatz: grosses, leichtes Feld oberhalb einer kleinen Strasse."
Zentralschweiz,Engelberg,Engelberg - Brunni - Schonegg,46.8382,8.41241,1797,0,0,0,1,1,1,1,0,,,Süd,alpen,Zentralschweizer Voralpen,,,,,"Grosses, gut geneigtes Feld mit Windsack. Fortgeschrittene starten im steileren Teil früher. Thermik meist über den Bäumen links vom Start. Zwei Startplätze: Brunnihütte (1860 m) und Schonegg (2080 m)."
Berneroberland,Abendberg,Abendberg,46.6223,7.5222,1830,0,0,0,0,0,0,0,1,,,Süd,voralpen,Freiburger Voralpen,,,,,
Schwyz,Klingenstock,Achslen,46.9526,8.74906,1620,1,0,0,0,0,0,0,0,,,Süd,alpen,Zentralschweizer Voralpen,,,,,
Berneroberland,Allmenalp,Allmenalp (Kandersteg),46.4941,7.651,1758,0,1,1,0,1,0,0,0,,,Süd,voralpen,Freiburger Voralpen,,,,,"Grosse Startwiese, ca. 15-20 Minuten Fussweg von der Gondelstation/Restaurant."
Graubünden,Alp de la Creusch,Alp da la Creusch-2210,46.7049,9.64095,2210,0,0,0,0,0,1,0,0,,,Beide,hochalpin,Engadin Unter,,,,,
Graubünden,Alp Languard,Alp Languard-2550,46.4898,9.92603,2550,0,0,0,0,0,1,0,0,,,Beide,hochalpin,Engadin Ober,,,,,
Graubünden,Alp Languard,Alp Languard-2420,46.4917,9.92156,2420,0,0,0,0,0,1,0,0,,,Beide,hochalpin,Engadin Ober,,,,,
Graubünden,Alp Stätz,Alp Staetz-2130,46.7661,9.52428,2130,0,0,1,1,1,0,0,0,,,Beide,hochalpin,Engadin Unter,,,,,
Tessin,Alpe del Caviano,Alpe del Caviano,45.878,9.00856,1012,0,0,0,0,0,1,0,0,,,Nord,alpen,Tessin Zentral,,,,,
Zentralschweiz,Mettenen,Alpler Tor,46.8901,8.78297,2340,0,0,0,1,0,0,0,0,,,Süd,alpen,Zentralschweizer Voralpen,,,,,
Zentralschweiz,Schönbüel,Alpoglerberg-1840,46.8179,8.0971,1840,0,1,0,0,0,1,0,0,,,Süd,alpen,Zentralschweizer Voralpen,,,,,
Berneroberland,Allmenalp,Alpschelehubel,46.4867,7.64441,2248,1,0,0,0,0,0,0,0,,,Süd,voralpen,Freiburger Voralpen,,,,,
Berneroberland,Interlaken,Amisbuehl,46.7022,7.82306,1310,0,0,0,1,0,0,0,0,,,Beide,alpen,Berner Voralpen,,,,,
Zentralschweiz,Eggbergen,Eggberge (Flüelen),46.9037,8.65139,1580,0,0,0,0,0,0,0,1,,,Süd,alpen,Zentralschweizer Voralpen,,,,,
Zentralschweiz,Brüsti,Arni,46.7849,8.65461,1290,0,1,0,0,0,0,0,0,,,Süd,alpen,Zentralschweizer Voralpen,,,,,
Berneroberland,Engstligenalp,Artelengrat-2180,46.4477,7.57529,2180,0,0,0,0,0,0,1,0,,,Süd,voralpen,Freiburger Voralpen,,,,,
Berneroberland,Engstligenalp,Artelengrat-2100,46.4509,7.57204,2100,0,1,0,0,0,0,0,0,,,Süd,voralpen,Freiburger Voralpen,,,,,
Zentralschweiz,Arvialp,Arvialp,46.8905,8.32972,1800,0,0,0,0,0,0,0,1,,,Süd,alpen,Zentralschweizer Voralpen,,,,,
Berneroberland,Axalp Skiberg,Axalp,46.7165,8.03504,1590,0,0,0,0,0,0,0,1,,,Beide,alpen,Berner Voralpen,,,,,
Wallis,Bächigalen,Baechigalen,46.4882,8.22725,2440,0,0,0,1,0,0,0,0,,,Beide,hochalpin,Oberwallis / Goms,,,,,
Zentralschweiz,Beichlen,Beichlen-1750,46.8972,7.97209,1750,0,0,0,0,0,1,0,0,,,Süd,voralpen,Mittelland Zentral,,,,,
Zentralschweiz,Beichlen,Beichlen-1730,46.895,7.96944,1730,0,0,0,0,0,0,0,1,,,Süd,voralpen,Mittelland Zentral,,,,,
Wallis,Bellalui,Montana - Bella Lui,46.3444,7.48611,2510,0,1,1,1,1,1,1,1,,,Beide,hochalpin,Unterwallis,,,,,
Waadt,La Berneuse,Berneuse-2020,46.3592,7.00272,2020,0,0,1,0,1,0,1,0,,,Süd,alpen,Waadtländer Alpen,,,,,
Zentralschweiz,Ratzi,Biel-Raemsenberg-1620,46.8941,8.70826,1620,0,0,0,1,0,1,0,0,,,Süd,alpen,Zentralschweizer Voralpen,,,,,
Wallis,Laucheralp,Bietschhorn,46.3954,7.81374,2520,0,0,0,0,0,0,1,0,,,Beide,hochalpin,Zentralwallis,,,,,
Berneroberland,Oeschinen,Bire-2360,46.5123,7.69793,2360,1,0,0,0,0,0,0,0,,,Süd,voralpen,Freiburger Voralpen,,,,,
Ostschweiz,Bodenberg,Bodenberg,46.9739,9.02363,1240,0,0,0,1,0,0,0,0,,,Süd,voralpen,Glarnerland / Walensee,,,,,
Zentralschweiz,Bonistock,Bonistock,46.7777,8.29067,2160,1,1,0,0,0,0,0,0,,,Süd,alpen,Zentralschweizer Voralpen,,,,,
Bern,Bözingenberg,Boezingenberg-940 (Biel- Bienne),47.1745,7.2942,940,0,0,0,1,0,0,0,0,,,Süd,jura,Jura Zentral,,,,,
Graubünden,Jakobshorn,Braemabuehl,46.7799,9.84969,2490,1,1,0,0,0,0,0,1,,,Beide,alpen,Prättigau - Davos,,,,,
Zentralschweiz,Brändlen,Brändlen-1240,46.9051,8.4099,1240,0,0,0,0,0,0,0,1,,,Süd,alpen,Zentralschweizer Voralpen,,,,,
Ostschweiz,Braunwald,Braunwald 'Kiosk',46.9384,8.998,1245,0,0,0,1,0,0,0,0,,,Süd,voralpen,Glarnerland / Walensee,,,Bei starkem Talwind Rotorgefahr; alternativ Startplatz Gumengrat nutzen.,WETTER-TRIGGER: starker Talwind → Rotorgefahr am Start → betroffene Stunden caution bis no_go; Ausweich Gumengrat erwähnen.,"Startplatz nahe Seilbahnstation 'Braunwald', 2 Min. Fussweg."
Berneroberland,Interlaken,Schynige Platte -Kamel_Chrüterwand (Interlaken),46.6623,7.90117,1566,0,0,0,0,0,0,0,1,,,Beide,alpen,Berner Voralpen,,,Startplatz Chrüterwand sehr steil.,"STATISCH: Chrüterwand sehr steil → Startrisiko; caution, betrifft nur diesen Alternativstart.",Zwei Startplätze: Kamel (unter 10 Min. vom Bahnhof) und Chrüterwand (heute selten genutzt).
Berneroberland,Brienzer Rothorn,Brienzer Rothorn,46.7871,8.0463,2340,0,0,0,0,1,0,0,0,,,Beide,alpen,Berner Voralpen,,,"Steiler, schwieriger Startplatz - gute Technik erforderlich, erhöhtes Sturzrisiko.","STATISCH/ANSPRUCH: steiler, schwieriger Start mit Sturzrisiko → dauerhafte caution; für wenig Geübte abraten.",
Berneroberland,Brienzer Rothorn,Brienzer Rothorn-2260,46.7881,8.03584,2260,0,0,0,0,0,1,0,0,,,Beide,alpen,Berner Voralpen,,,,,
Graubünden,Weisshorn Winter,Arosa -Brueggerhorn,46.7934,9.65047,2420,0,0,1,1,1,0,0,0,,,Beide,alpen,Prättigau - Davos,,,Im Winter Lawinengefahr beachten.,"SAISON-GEFAHR: im Winter Lawinengefahr → Winternutzung nur mit Lagebeurteilung, caution bis no_go.","Extrem selten genutzt; im Winter nur mit Skiern zugänglich, im Sommer Hike&Fly oder Abstieg vom Weisshorn."
Zentralschweiz,Bruniswald,Bruniswald,46.8643,8.3967,1580,0,0,0,0,0,0,0,1,,,Süd,alpen,Zentralschweizer Voralpen,,,,,
Berneroberland,Wasserngrat,Bräschegrat,46.4419,7.33388,2100,0,0,0,0,0,1,0,0,,,Süd,voralpen,Freiburger Voralpen,,,,,
Zentralschweiz,Büelen,Büelen / Bueelen,46.8808,8.36551,1079,0,1,1,0,1,0,0,0,,,Süd,alpen,Zentralschweizer Voralpen,,,,,
Zentralschweiz,Buochser Horn,Buochserhorn,46.945,8.42901,1780,0,0,0,0,1,1,1,0,,,Süd,alpen,Zentralschweizer Voralpen,,,Kleines Kabel qürt das Feld unterhalb des Starts (gut sichtbar).,"STATISCH: Kabel quert unterhalb des Starts (gut sichtbar) → Hindernis-caution, kein Status-Downgrade.","Leichter, grosser Grasstartplatz am Gipfelkreuz. Geeignet bei Süd- bis Westwind."
Berneroberland,Interlaken,Burgfeldstand,46.7211,7.79507,2050,0,0,0,1,0,0,0,0,,,Beide,alpen,Berner Voralpen,,,,,
Solothurn,Grenchenberg Bützen,Buetzen,47.2227,7.38979,1300,0,0,0,1,0,0,0,0,,,Süd,jura,Jura Zentral,,,,,
Graubünden,Calandasiten,Calanda,46.8901,9.47395,2415,0,0,0,1,0,0,0,0,,,Beide,voralpen,Ostschweiz,,,,,
Graubünden,Cassons,Flims -Cassonsgrat,46.8797,9.26356,2664,0,0,0,0,1,1,0,0,,,Beide,hochalpin,Surselva,,,,,Nur zu Fuss erreichbar (Seilbahn abgebaut).
Schwyz,Fronalpstock / Stoos,Charenstoeckli,46.9735,8.64377,1780,0,1,0,0,0,0,0,0,,,Süd,alpen,Zentralschweizer Voralpen,,,,,
Bern,Chasseral Süd,Chasseral,47.1267,7.04694,1530,1,1,1,1,1,1,1,1,,,Süd,jura,Jura West,,,,,
Bern,Chaumont,Chaumont,47.0533,6.97805,1122,0,0,0,0,0,0,0,1,,,Süd,jura,Jura West,,,,,
Schwyz,Euthal,Chli Aubrig,47.1069,8.86022,1580,0,0,0,0,0,1,1,0,,,Süd,voralpen,Mittelland Zentral,,,,,"Steile Alpwiese (Ausrichtung Südwest), leichter bis mittlerer Schwierigkeitsgrad."
Berneroberland,Käserstatt,Chüemad,46.755,8.22722,1950,0,0,0,0,0,1,0,0,,,Beide,alpen,Berner Voralpen,,,,,
Tessin,Cimetta,Locarno- Cardada - Cimetta -1570,46.1996,8.78796,1619,0,0,0,0,1,1,0,0,,,Nord,alpen,Tessin Zentral,,,,,
Wallis,Col de Sorebois,Col de Sorebois (Zinal),46.1477,7.58683,2820,0,0,1,0,1,1,0,0,,,Beide,hochalpin,Mattertal / Saastal,,,,,
Graubünden,Corvatsch,Corvatsch (Silvaplana/ St.Moritz),46.416,9.8218,3300,1,1,0,0,0,0,0,0,,,Beide,hochalpin,Engadin Ober,Hochalpines Gelände mit anspruchsvollen Thermikbedingungen.,"Kein hartes Cap — Kontext: hochalpin-anspruchsvolle Thermik in thermal_quality einordnen; Rating nach Messwerten, Prosa entsprechend rauer.","Risiken durch Steinschlag, starke Winde und begrenzte Landemöglichkeiten.","STATISCH+WETTER: Steinschlag, starke Winde, begrenzte Landemöglichkeiten → hochalpine Dauer-caution; bei Windwarnungen strenger bewerten (safe_window enger).",
Wallis,Veysonnaz,Crete de Thyon-2060 (Veysonnaz),46.1797,7.36417,2060,0,0,0,0,0,0,1,0,,,Beide,hochalpin,Unterwallis,,,,,
Wallis,Veysonnaz,Crete de Thyon-2380,46.1707,7.36872,2380,0,1,0,0,0,0,1,0,,,Beide,hochalpin,Unterwallis,,,,,
Wallis,Aiguille de Champeys,Crete des Champeys,46.2038,6.84719,2040,0,0,0,1,0,0,0,1,,,Süd,alpen,Waadtländer Alpen,,,,,
Wallis,Croix de Coeur,Verbier - Croix de Coeur_Savolyeres,46.1214,7.23327,2166,0,0,0,1,1,1,0,0,,,Beide,hochalpin,Unterwallis,Croix de Coeur am besten am (späten) Nachmittag; Savolyeres am Morgen.,"Kein Rating-Abzug — best_window je Start: Croix de Coeur (später) Nachmittag, Savolyeres Morgen.",Flugplatz direkt hinter Croix de Coeur - Vorsicht im Landeanflug.,"STATISCH: Flugplatz direkt hinter dem Start → caution im Landeanflug, Flugverkehr beachten.",Croix de Coeur: Toplandung möglich. Savolyeres: grasiger Hang.
Wallis,Planachaux,Croix de Culet,46.1763,6.84037,1930,0,0,0,0,0,1,0,0,,,Süd,alpen,Waadtländer Alpen,,,,,
Wallis,Croix de L'Aiguille,Croix de l Aiguille,46.1962,6.86088,1813,0,0,1,0,1,0,0,0,,,Süd,alpen,Waadtländer Alpen,,,,,
Wallis,Cry d'Er,Montana - Cry d Er-2250,46.3367,7.47955,2250,0,0,0,1,0,0,0,0,,,Beide,hochalpin,Unterwallis,,,,,
Graubünden,Cugieri,Cungieri-1800,46.6891,8.77927,1800,0,0,1,0,1,0,0,0,,,Beide,hochalpin,Surselva,,,,,
Graubünden,Alp Darlux,Cuolm da Latsch-2270,46.6523,9.75447,2270,1,0,0,0,0,0,0,0,,,Beide,hochalpin,Engadin Unter,,,,,
Graubünden,Alp Darlux,Darlux-2020,46.6218,9.7721,2020,0,0,0,0,0,1,0,0,,,Beide,hochalpin,Engadin Unter,,,,,
Graubünden,Alp Darlux,Darlux-2150,46.623,9.77672,2150,0,0,0,0,0,1,0,0,,,Beide,hochalpin,Engadin Unter,,,,,
Graubünden,Alp Darlux,Darlux-2400,46.622,9.78386,2400,0,0,0,0,0,0,1,0,,,Beide,hochalpin,Engadin Unter,,,,,
Wallis,Chou ou Tsou,Dent de Fully,46.1749,7.11058,2700,0,0,0,0,0,1,0,0,,,Beide,hochalpin,Unterwallis,,,,,
Waadt,Jaman,Dent de Jaman (Rochers de Naye),46.4417,6.97593,1738,0,0,0,0,0,1,1,1,,,Süd,alpen,Waadtländer Alpen,,,,,
Wallis,Haute-Nendaz,Dent de Nendaz-2430,46.1549,7.29172,2430,0,0,0,1,0,1,0,0,,,Beide,hochalpin,Unterwallis,,,,,
Graubünden,Dreibündenstein,Dreibuendenstein-2120,46.8043,9.4989,2120,0,0,1,0,1,0,1,1,,,Beide,voralpen,Ostschweiz,,,,,
Wallis,Chou ou Tsou,Dugny,46.1877,7.18362,950,1,1,1,1,1,1,1,1,,,Beide,hochalpin,Unterwallis,,,,,
Ostschweiz,Pizol,Wangs -Duerrenwald,47.0104,9.42459,1300,0,1,0,0,0,0,0,0,,,Süd,voralpen,Ostschweiz,,,,,
Berneroberland,Wasserngrat,Därrischilt,46.459,7.32344,1840,0,0,0,0,0,0,0,1,,,Süd,voralpen,Freiburger Voralpen,,,,,
Ostschweiz,Durschlegi,Weesen- Amden -Durschlegi,47.147,9.11975,1110,0,0,0,1,0,0,0,0,,,Süd,voralpen,Glarnerland / Walensee,,,,,
Ostschweiz,Ebenalp,Ebenalp (Appenzell- Wasserauen),47.2842,9.41057,1598,1,1,1,1,0,0,0,1,,,Süd,alpen,Alpstein / Ostschweiz,,,,,"Verschiedene Startplätze: HG-Start direkt unter der Gondel; Süd-Start (47.2837N, 9.4133E); Nord-Start 3 Min. Fussweg von der Gondel."
Graubünden,Piz Ault,Egg,46.7757,8.72119,1430,0,0,0,0,0,1,0,0,,,Süd,alpen,Zentralschweizer Voralpen,,,,,
Berneroberland,Brienzer Rothorn,Eisee,46.7875,8.05351,2100,0,0,0,1,0,0,0,0,,,Beide,alpen,Berner Voralpen,,,,,
Berneroberland,Grimer,Elsighorn-2160,46.5313,7.64197,2160,0,0,1,0,1,0,0,0,,,Süd,voralpen,Freiburger Voralpen,,,,,
Berneroberland,Allmenalp,Elsighorn-2100,46.5263,7.63153,2100,0,0,0,0,0,1,0,0,,,Süd,voralpen,Freiburger Voralpen,,,,,
Berneroberland,Engstligenalp,Engstligenalp,46.4486,7.56423,1960,0,0,0,0,0,0,0,1,,,Süd,voralpen,Freiburger Voralpen,,,,,
Zentralschweiz,Bruniswald,Eschlen,46.8644,8.38621,1110,0,0,0,0,0,0,0,1,,,Süd,alpen,Zentralschweizer Voralpen,,,,,
Berneroberland,Waldspitz,Faulhorn,46.6747,7.99885,2680,0,0,0,1,0,1,1,0,,,Beide,alpen,Berner Voralpen,,,,,
Berneroberland,Allmenalp,First,46.5034,7.64122,2520,1,0,0,1,0,0,0,0,,,Süd,voralpen,Freiburger Voralpen,,,,,
Wallis,Ried,Brig- Rosswald -Fleschboden,46.3125,8.06047,2270,0,0,0,0,0,0,1,0,,,Beide,hochalpin,Oberwallis / Goms,,,,,
Berneroberland,Flöschhorn,Floeschhorn-2070 (Lenk),46.4631,7.40609,2070,1,0,0,0,0,0,0,0,,,Süd,voralpen,Freiburger Voralpen,,,,,
Schwyz,Hoch-Ybrig,Forstberg,47.0007,8.82388,2200,0,0,0,0,0,0,1,0,,,Süd,alpen,Zentralschweizer Voralpen,,,,,
Ostschweiz,Fronalp,Fronalp,47.0676,9.10409,1800,0,0,0,0,0,0,1,0,,,Süd,voralpen,Glarnerland / Walensee,,,,,
Schwyz,Fronalpstock / Stoos,Fronalpstock,46.965,8.63898,1883,0,0,0,0,0,0,1,0,,,Süd,alpen,Zentralschweizer Voralpen,,,,,
Graubünden,Alp Stätz,Fulhorn-2450,46.7742,9.49709,2450,0,0,1,0,1,1,0,0,,,Beide,hochalpin,Engadin Unter,,,,,
Zentralschweiz,Engelberg,Engelberg -Fuerenalp,46.8052,8.46575,1901,0,0,0,0,0,1,0,0,,,Süd,alpen,Zentralschweizer Voralpen,,,,,
Berneroberland,Galm,Galm,46.5449,7.51882,2020,0,0,0,0,0,0,1,0,,,Süd,voralpen,Freiburger Voralpen,,,,,
Berneroberland,Galm,Galmschibe,46.5454,7.52599,2320,0,0,0,0,0,1,0,0,,,Süd,voralpen,Freiburger Voralpen,,,,,
Zentralschweiz,Ratzi,Gamperstock,46.8987,8.74184,2270,0,0,0,0,0,0,1,0,,,Süd,alpen,Zentralschweizer Voralpen,,,,,
Wallis,Hockenhorngrat,Gandegg,46.4199,7.75927,2480,0,0,0,1,0,0,0,0,,,Beide,hochalpin,Zentralwallis,,,,,
Berneroberland,Rinderberg,Gandlouenegrat,46.5058,7.35656,2070,0,0,0,0,0,0,0,1,,,Süd,voralpen,Freiburger Voralpen,,,,,
Ostschweiz,Garmil,Garmil,47.004,9.40331,2000,0,1,0,0,0,0,1,0,,,Süd,voralpen,Glarnerland / Walensee,,,,,
Zentralschweiz,Marbachegg,Gärtle,46.8198,7.94223,1580,0,0,0,0,0,0,1,0,,,Süd,alpen,Zentralschweizer Voralpen,,,,,
Schwyz,Pfaff,Geissstock-1960,46.9279,8.82265,1960,1,0,0,1,0,0,0,0,,,Süd,alpen,Zentralschweizer Voralpen,,,,,
Zentralschweiz,Gemsstock,Gemsstock,46.6041,8.61159,2900,0,1,1,1,1,1,1,1,,,Süd,alpen,Zentralschweizer Voralpen,,,,,
Berneroberland,Hüttstett,Gibel-2030,46.7705,8.18948,2030,0,0,0,0,0,0,0,1,,,Süd,alpen,Zentralschweizer Voralpen,,,,,
Zentralschweiz,Ober Büelen,Gibel-1360,46.8324,8.21721,1360,0,0,0,0,0,0,0,1,,,Süd,alpen,Zentralschweizer Voralpen,,,,,
Zentralschweiz,Haldigrat,Giri,46.904,8.43154,1920,0,0,0,0,0,0,1,0,,,Süd,alpen,Zentralschweizer Voralpen,,,,,
Zentralschweiz,Ratzi,Gisleralp,46.8966,8.73063,1960,0,0,0,0,0,1,0,0,,,Süd,alpen,Zentralschweizer Voralpen,,,,,
Zentralschweiz,Gitschenberg,Gitschenberg,46.8774,8.59045,1360,0,0,1,0,1,0,0,0,,,Süd,alpen,Zentralschweizer Voralpen,,,,,
Graubünden,Gotschnagrat,Klosters - Gotschnagrat,46.8553,9.85057,2221,1,1,0,1,1,0,0,0,,,Beide,alpen,Prättigau - Davos,Nordstart bei mässigem Nordwind für dynamisches Fliegen und Toplandung geeignet.,Prosa-Aufwertung: bei mässigem Nordwind Soaring/Dynamik + Toplandung möglich → soaring_options füllen; hebt das Zahlen-Rating nicht (Soaring zählt als 1).,Seilbahnkabel in der Nähe.,STATISCH: Seilbahnkabel in der Nähe → Hindernis-caution.,"Beide Startplätze von der Gondel erreichbar: Süd (2300 m, ca. 7 Min., leicht), Nord (2280 m, ca. 3 Min.)."
Ostschweiz,Studnerberg,Grabserberg,47.1661,9.42168,1100,0,1,0,0,0,0,0,0,,,Beide,voralpen,Ostschweiz,,,,,
Bern,Graitery,Graitery,47.2564,7.37522,1188,1,0,0,0,0,0,0,0,,,Süd,jura,Jura Zentral,,,,,
Graubünden,Somtgant,Grap Neir-2260,46.6285,9.61563,2260,0,0,0,0,0,0,1,0,,,Beide,hochalpin,Engadin Unter,,,,,
Graubünden,Somtgant,Grap Neir-2430,46.6302,9.61831,2430,0,0,0,0,0,0,1,0,,,Beide,hochalpin,Engadin Unter,,,,,
Graubünden,Crap Sogn Gion,Flims- Laax - Crap Sogn Gion,46.835,9.21591,2210,0,0,0,1,0,1,0,0,,,Beide,hochalpin,Surselva,,,Seilbahnen und Personen in Startplatznähe beachten.,STATISCH: Seilbahnen und Personen in Startplatznähe → caution beim Start.,"Startplatz direkt neben der Seilbahnstation, einfacher Zugang."
Wallis,Greicheralp,Riederalp/ Greicheralp,46.377,8.0309,1880,0,0,0,1,1,0,0,0,,,Beide,hochalpin,Oberwallis / Goms,,,,,"Startwiese mit Windsack, wenige Minuten von der Seilbahn-Bergstation. Hausthermik links vom Start hinter dem letzten Seilbahnmast."
Bern,Grenchenberg Nord,Grenchenberg Nord,47.2295,7.37988,1340,0,0,0,0,0,0,0,1,,,Süd,jura,Jura Zentral,,,,,
Zentralschweiz,Farneren,Grosse Chrinne,46.8982,8.0469,1830,0,0,0,0,0,0,0,1,,,Süd,alpen,Zentralschweizer Voralpen,,,,,
Zentralschweiz,Beichlen,Gsteig-1520,46.9147,7.99392,1520,0,0,0,1,0,0,0,0,,,Süd,voralpen,Mittelland Zentral,,,,,
Zentralschweiz,Beichlen,Gsteig-1450,46.9169,7.9946,1450,0,0,0,0,0,0,0,1,,,Süd,voralpen,Mittelland Zentral,,,,,
Berneroberland,Interlaken,Güggisgrat,46.7144,7.78391,1927,1,0,0,0,0,0,0,1,,,Beide,alpen,Berner Voralpen,,,,,
Ostschweiz,Braunwald,Gumengrat,46.9603,8.98743,2020,0,0,0,0,1,0,0,0,,,Süd,voralpen,Glarnerland / Walensee,,,,,"Steile Startwiese, Windsack vorhanden."
Zentralschweiz,Wirzweli,Gummen,46.9019,8.36259,1580,0,0,0,1,0,0,0,0,,,Süd,alpen,Zentralschweizer Voralpen,,,,,
Graubünden,Gürgaletsch,Guergaletsch -2400,46.7983,9.58253,2400,0,1,0,0,0,0,0,0,,,Beide,alpen,Prättigau - Davos,,,,,
Zentralschweiz,Gurschenalp,Gurschen,46.6169,8.59688,2280,1,0,0,0,0,0,0,0,,,Süd,alpen,Zentralschweizer Voralpen,,,,,
Zentralschweiz,Gütsch,Gütsch / Nätschen,46.6473,8.61036,2080,0,0,0,0,0,1,0,0,,,Süd,alpen,Zentralschweizer Voralpen,,,,,Mehrere Startplätze verfügbar.
Zentralschweiz,Haldi,Haldi,46.8626,8.67276,1080,0,0,0,0,0,1,0,0,,,Süd,alpen,Zentralschweizer Voralpen,,,,,
Zentralschweiz,Haldigrat,Dalenwil - Haldigrat,46.9017,8.44265,1965,0,0,0,0,0,1,0,0,,,Süd,alpen,Zentralschweizer Voralpen,,,,,
Schwyz,Halsegg,Halsegg,47.0913,8.6069,1330,0,0,0,1,0,0,0,0,,,Süd,voralpen,Mittelland Zentral,,,,,
Wallis,Seetalhorn,Hannig Alp,46.1135,7.91398,2300,0,0,0,1,0,0,0,0,,,Beide,hochalpin,Mattertal / Saastal,,,,,"Start auf 2350 m (Osthang), direkt links der Seilbahn auf der Strasse startbar; flache Strasse gut zum Vorbereiten. Im Winter sind Skier nicht erlaubt."
Solothurn,Hasenmatt Startplatz,Hasenmatt,47.2412,7.44986,1445,0,0,0,1,0,0,0,0,,,Süd,jura,Jura Zentral,,,,,
Bern,Falkenflue,Hasli-Ruegsau,47.0028,7.64409,770,1,1,1,0,1,0,0,0,,,Süd,hochalpin,Berner Oberland,,,,,
Wallis,Haute-Nendaz,Haute-Nendaz - Tracouet,46.1612,7.28329,2200,1,0,0,0,0,0,0,0,,,Beide,hochalpin,Unterwallis,,,,,
Graubünden,Hitzeggen,Hitzeggen (Val Lumnezia),46.7351,9.13962,2040,1,1,1,1,1,0,0,1,,,Beide,hochalpin,Surselva,,,,,Thermikaufwinde an der Südseite des Hangs. Bester Startplatz: steile Wiese westlich der Gondelstation.
Berneroberland,Hochstollen,Hochstollen,46.7733,8.23796,2480,0,0,0,0,0,0,1,0,,,Süd,alpen,Zentralschweizer Voralpen,,,,,
Schwyz,Hochstuckli,Hochstuckli,47.0579,8.66541,1480,0,0,0,0,0,1,1,1,,,Süd,voralpen,Mittelland Zentral,,,,,
Wallis,Schwarzsee,Hoehbalmenstaffel,46.0201,7.72594,2490,0,0,0,1,0,0,0,0,,,Beide,hochalpin,Mattertal / Saastal,,,,,
Berneroberland,Käserstatt,Hohbiel,46.7595,8.22009,1950,0,0,0,0,0,1,0,0,,,Beide,alpen,Berner Voralpen,,,,,
Ostschweiz,Hoher Kasten,Hoher Kasten,47.2869,9.48645,1671,0,0,1,0,0,0,1,0,,,Beide,voralpen,Ostschweiz,,,Bei stärkerem Westwind wird der Sattel-Start problematisch - tieferen Startplatz wählen.,"WETTER-TRIGGER: bei stärkerem Westwind wird der Sattel-Start problematisch → caution + tieferen Startplatz empfehlen, safe_window am Hauptstart einschränken.","Verschiedene Startplätze; normalerweise Start im Sattel. Start nach Osten möglich, selten genutzt."
Berneroberland,Wispile,Wispile-1900 (Saanen- Gstaad),46.4364,7.29486,1870,1,1,1,1,0,1,1,1,,,Süd,voralpen,Freiburger Voralpen,"Ost-Start morgens, West-Start nachmittags, Nord-Start bei Bise (N/NO-Wind).","Kein Rating-Abzug — Tag flexibel: Ost-Start morgens, West-Start nachmittags, Nord-Start bei Bise; best_window nach anliegender Richtung wählen.",,,
Zentralschweiz,Ober Büelen,Hohmad,46.8415,8.26585,1920,0,0,0,1,0,0,0,1,,,Süd,alpen,Zentralschweizer Voralpen,,,,,
Fribourg,Hohmattli,Hohmattli-1770,46.6696,7.31842,1770,1,1,0,0,0,1,1,1,,,Süd,voralpen,Freiburger Voralpen,,,,,
Zentralschweiz,Wirzweli,Wirzweli-Horn,46.9095,8.37454,1470,1,0,0,0,0,0,0,0,,,Süd,alpen,Zentralschweizer Voralpen,,,,,
Berneroberland,Horneggli,Hornberg,46.4949,7.31359,1750,1,0,0,0,0,0,0,0,,,Süd,voralpen,Freiburger Voralpen,,,,,
Berneroberland,Horneggli,Hornflue-1810,46.4868,7.31361,1810,0,0,0,0,0,1,1,0,,,Süd,voralpen,Freiburger Voralpen,,,,,
Graubünden,Weisshorn,Arosa - Hoernli / Hörnli,46.7668,9.62017,2480,0,0,1,0,1,0,0,0,,,Beide,alpen,Prättigau - Davos,,,,,
Wallis,Bendolla,Hotel Weisshorn (St.Luc),46.2088,7.61809,2320,1,0,0,0,0,0,1,1,,,Beide,hochalpin,Unterwallis,,,,,
Wallis,Laucheralp,Howitzen,46.3999,7.81312,2370,0,0,0,0,0,0,1,0,,,Beide,hochalpin,Zentralwallis,,,,,
Berneroberland,Hügeligrat,Hugeligrat,46.5196,7.26597,1890,0,0,0,1,0,0,0,0,,,Süd,voralpen,Freiburger Voralpen,,,,,
Schwyz,Hummel,Hummel (Oben),47.0985,8.77173,1330,1,1,0,0,0,0,0,0,,,Süd,voralpen,Mittelland Zentral,,,,,
Ostschweiz,Hüsliberg,Schänis / Hüsliberg,47.1897,9.0748,1002,0,0,0,0,0,1,0,0,,,Süd,alpen,Alpstein / Ostschweiz,,,Nur den ausgewiesenen Startplatz nutzen - obere Startplätze liegen in Wildschutzzone und sind verboten. Im Juni und September wegen Kühen zeitweise geschlossen.,"VERBOT+SPERRE: nur ausgewiesener Startplatz (obere liegen in Wildschutzzone, verboten); Juni und September zeitweise gesperrt (Kühe) → in Sperrzeiten no_go.","Kein Parkplatz am Start; Shuttle vom Landeplatz oder 1,5 h Wanderung."
Schwyz,Spirstock,Ilgisalp,46.9928,8.77108,1680,0,0,0,0,0,0,0,1,,,Süd,alpen,Zentralschweizer Voralpen,,,,,
Berneroberland,Gündlischwand-Iselten,Iselten,46.6564,7.92202,1830,0,0,1,1,1,0,0,0,,,Beide,alpen,Berner Voralpen,,,,,
Graubünden,Jakobshorn,Davos - Jakobshorn -2560,46.7728,9.84544,2503,1,1,0,0,1,1,1,1,,,Beide,alpen,Prättigau - Davos,,,,,"Drei Startplätze: Jakobshorn Gipfel (3 Min. von Seilbahn, Windsack), Jatzhütte (10 Min., Wind S-SW-W, einfach), Brämabül (Winter Lift, Sommer 20 Min. Fussweg vom Gipfel)."
Graubünden,Jakobshorn,Jatzmeder-2090,46.7449,9.80361,2090,0,0,0,0,0,0,1,0,,,Beide,alpen,Prättigau - Davos,,,,,
Graubünden,Gürgaletsch,Churer Joch,46.8075,9.56914,2030,0,0,0,0,0,0,1,0,,,Süd,voralpen,Ostschweiz,,,,,
Berneroberland,Jungfraujoch,Jungfraujoch,46.5477,7.97582,3460,1,0,0,0,0,0,0,1,,,Beide,alpen,Berner Voralpen,,,Hoher Berglandeplatz - entsprechende Erfahrung ist ein MUSS.,"ANSPRUCH: hochalpiner Berglandeplatz → nur für sehr erfahrene Piloten; dauerhafte caution, kein Wetter-Trigger.",
Berneroberland,Käserstatt,Käserstatt,46.7568,8.21809,1820,0,0,0,0,0,1,0,0,,,Beide,alpen,Berner Voralpen,,,,,
Ostschweiz,Kerenzerberg,Kerenzerberg,47.1091,9.08367,671,0,0,0,0,0,0,0,1,,,Süd,voralpen,Glarnerland / Walensee,,,Nur markierte Wege zum Startplatz benutzen.,"REGEL: nur markierte Wege zum Start → Hinweis, kein Einfluss auf den Status.",Windsack vorhanden.
Berneroberland,Tschuggen,Klein Tschuggen,46.6063,7.94507,2240,0,0,0,0,0,0,0,1,,,Beide,alpen,Berner Voralpen,,,,,
Zentralschweiz,Klewenalp,Klewenalp,46.9402,8.4761,1589,0,1,0,0,0,0,0,0,,,Süd,alpen,Zentralschweizer Voralpen,,,,,
Wallis,Seetalhorn,Kreuzboden,46.1366,7.96853,2500,0,0,0,0,0,0,1,0,,,Beide,hochalpin,Mattertal / Saastal,,,,,
Ostschweiz,Kronberg,Kronberg (Appenzell- Jakobsbad),47.2914,9.32711,1636,1,0,0,0,1,0,1,0,,,Süd,alpen,Alpstein / Ostschweiz,,,,,Alle Starts sehr nahe an der Gondelstation.
Wallis,Chou ou Tsou,La Baye,46.1689,7.11559,2080,0,0,0,1,0,0,0,0,,,Beide,hochalpin,Unterwallis,,,,,
Waadt,La Cotelette,La Cotelette,46.78,6.48674,1251,0,0,1,1,0,0,0,0,,,Süd,jura,Jura West,,,,,
Waadt,La Montagnette,La Montagnette,46.4465,7.14713,1700,1,0,0,0,0,0,0,0,,,Süd,voralpen,Freiburger Voralpen,,,,,
Neuenburg,La Robella,La Robella,46.8729,6.54988,1360,1,0,0,0,0,0,0,0,,,Süd,jura,Jura West,,,,,
Neuenburg,La Roche,La Roche-Devant,46.9287,6.74834,1380,0,0,0,1,0,0,0,0,,,Süd,jura,Jura West,,,,,
Waadt,Videmanette,La Videmanette-2120,46.4552,7.19784,2120,0,0,0,0,0,1,0,0,,,Süd,voralpen,Freiburger Voralpen,,,,,
Waadt,Videmanette,La Videmanette-2180,46.4543,7.2024,2180,0,0,0,0,0,0,0,1,,,Süd,voralpen,Freiburger Voralpen,,,,,
Fribourg,La Vudalla,La Vudalla-1620 SO,46.5501,7.04421,1620,0,0,0,1,0,0,0,0,,,Süd,voralpen,Schwarzsee / Gantrisch,,,,,
Fribourg,La Vudalla,La Vudalla-1620 NW,46.5515,7.04616,1620,0,0,0,0,0,0,0,1,,,Süd,voralpen,Schwarzsee / Gantrisch,,,,,
Graubünden,Alp Languard,Las Sours,46.4967,9.92048,2560,0,0,0,0,0,0,1,0,,,Beide,hochalpin,Engadin Ober,,,,,
Berneroberland,Tschuggen,Lauberhorn,46.5919,7.94755,2470,0,0,0,1,0,0,0,0,,,Beide,alpen,Berner Voralpen,,,,,
Berneroberland,Tschuggen,Lauberhornschulter-2310,46.5856,7.94618,2310,0,0,0,0,0,0,1,0,,,Beide,alpen,Berner Voralpen,,,,,
Zentralschweiz,Titlis,Laubersgrat,46.7912,8.42095,2300,0,0,0,0,0,0,0,1,,,Süd,alpen,Zentralschweizer Voralpen,,,,,
Schwyz,Klingenstock,Laubgarten,46.9597,8.71638,1600,0,1,0,0,0,0,0,0,,,Süd,alpen,Zentralschweizer Voralpen,,,,,
Solothurn,Laupersdörfer Stierenberg,Laupersdoerfer Stierenberg,47.3323,7.64502,1020,0,0,0,1,0,0,0,0,,,Süd,jura,Jura Zentral,,,,,
Zentralschweiz,Haldigrat,Lauwistock,46.8999,8.44655,2090,1,0,0,0,0,0,0,0,,,Süd,alpen,Zentralschweizer Voralpen,,,,,
Waadt,Le Chamossaire,Le Chamossaire-1980,46.3256,7.06236,2059,0,0,0,0,1,1,1,0,,,Süd,alpen,Waadtländer Alpen,,,,,
Fribourg,Mont Moleson,Le Moléson-2000 NW,46.5487,7.01684,2000,0,0,0,0,0,0,0,1,,,Süd,voralpen,Freiburger Voralpen,,,,,
Fribourg,Mont Moleson,Le Moléson-2000 SW,46.5464,7.01751,2000,0,0,0,0,0,1,0,0,,,Süd,voralpen,Freiburger Voralpen,,,,,
Waadt,Le Suchet,Le Suchet,46.7725,6.46646,1588,1,1,1,1,1,1,1,1,,,Süd,jura,Jura West,,,,,
Waadt,Les Diablerets,Les Diablerets,46.3239,7.20816,2880,0,0,1,0,1,0,0,0,,,Süd,alpen,Waadtländer Alpen,,,,,
Fribourg,Le Levanchy,Les Merlas,46.5449,7.12052,1700,0,0,0,0,0,0,0,1,,,Süd,voralpen,Freiburger Voralpen,,,,,
Waadt,Les Rodoments,Les Rodomonts-1800,46.5056,7.22172,1800,0,0,0,0,0,1,0,0,,,Süd,voralpen,Freiburger Voralpen,,,,,
Waadt,Les Rodoments,Les Rodomonts-1860,46.5079,7.22562,1860,0,0,1,0,1,0,0,0,,,Süd,voralpen,Freiburger Voralpen,,,,,
Fribourg,Le Levanchy,Levanchy,46.5453,7.11325,1368,0,0,0,0,0,0,0,1,,,Süd,voralpen,Freiburger Voralpen,"Günstig bei West-Nordwest, auch bei Bise (Nordwind) fliegbar.",Erweiterte Nutzbarkeit: auch Bise-Tage fliegbar → Tag nicht wegen Nordanströmung abschreiben.,Rotoren bei auffrischendem Südwestwind.,WETTER-TRIGGER: auffrischender Südwestwind erzeugt Rotoren → SW-Stunden caution bis no_go.,
Zentralschweiz,Linderenalp,Linderenalp-1540,46.8697,8.2958,1540,1,0,0,0,0,0,0,1,,,Süd,alpen,Zentralschweizer Voralpen,,,,,
Wallis,La Loutze,Loutze,46.2133,7.16391,1850,0,0,0,1,0,0,0,0,,,Beide,hochalpin,Unterwallis,,,,,
Berneroberland,Hüttstett,Lungern Hütstett,46.7889,8.19432,1720,1,0,0,0,0,0,0,0,,,Süd,alpen,Zentralschweizer Voralpen,,,,,
Zentralschweiz,Schönbüel,Lungern Schönbüel,46.7877,8.0994,2002,0,1,0,1,1,0,0,0,,,Süd,alpen,Zentralschweizer Voralpen,,,,,
Berneroberland,Mäggisseren,Mägisserhorn-2260,46.5947,7.59915,2260,0,0,0,0,0,0,1,0,,,Süd,voralpen,Freiburger Voralpen,,,,,
Berneroberland,Männlichen,Maennlichen (Wengen),46.6185,7.93866,2340,0,0,1,1,1,0,0,0,,,Beide,alpen,Berner Voralpen,,,,,
Berneroberland,Tschuggen,Männlichen Station,46.6104,7.9425,2220,0,0,0,0,0,1,0,0,,,Beide,alpen,Berner Voralpen,,,,,
Zentralschweiz,Marbachegg,Marbachegg-1480,46.835,7.90427,1446,1,1,0,0,0,1,1,1,,,Beide,alpen,Berner Oberland,,,,,
Graubünden,Piz Martegnas,Martegnas-2600 NW,46.5815,9.53151,2600,0,0,0,0,0,0,0,1,,,Beide,hochalpin,Engadin Unter,,,,,
Graubünden,Piz Martegnas,Martegnas-2600 NO,46.5765,9.53263,2600,0,1,0,0,0,0,0,0,,,Beide,hochalpin,Engadin Unter,,,,,
Ostschweiz,Maschgenkamm,Flumserberge -Maschgenkamm,47.0695,9.25177,1993,1,0,1,1,1,0,0,1,,,Süd,voralpen,Glarnerland / Walensee,,,,,Startplatz direkt neben Gondelstation. Windsack und Infotafel vorhanden.
Wallis,Veysonnaz,Mayens de Veysonnaz,46.1873,7.34668,1615,0,1,0,0,0,0,0,0,,,Beide,hochalpin,Unterwallis,,,,,
Berneroberland,Schynige Platte,Mederalp,46.6255,7.88388,1660,0,0,1,0,1,0,0,0,,,Beide,alpen,Berner Voralpen,,,,,
Zentralschweiz,Melchsee-Frutt,Melchsee-Frutt Daempfelsmatt,46.779,8.26777,1900,1,1,0,0,0,0,0,0,,,Süd,alpen,Zentralschweizer Voralpen,,,,,
Berneroberland,Metsch,Metschstand-2060,46.4437,7.49199,2060,0,0,0,0,0,1,0,0,,,Süd,voralpen,Freiburger Voralpen,,,,,
Berneroberland,Metsch,Metschstand-2090,46.4451,7.4959,2090,0,0,1,0,1,0,0,0,,,Süd,voralpen,Freiburger Voralpen,,,,,
Zentralschweiz,Mettenen,Mettener Butzli,46.8829,8.78672,2040,0,0,0,0,0,1,0,0,,,Süd,alpen,Zentralschweizer Voralpen,,,,,
Zentralschweiz,Pilatus,Mittagguepfi,46.972,8.18638,1850,0,0,0,0,0,0,0,1,,,Süd,alpen,Zentralschweizer Voralpen,,,,,
Wallis,Roc D'Orsival,Mont Noble-2640,46.2071,7.48787,2640,0,0,0,0,0,1,0,0,,,Beide,hochalpin,Unterwallis,,,,,
Wallis,Vercorin,Mont Noble-2440,46.2112,7.48399,2440,0,0,0,0,0,0,1,0,,,Beide,hochalpin,Unterwallis,,,,,
Jura,Mont Raimeux Süd,Mont Raimeux,47.2996,7.42674,1246,0,0,0,1,1,1,0,0,,,Süd,jura,Jura Zentral,,,,,
Bern,Graitery,Montagne de Moutier,47.2874,7.33156,1080,0,0,0,1,0,0,0,0,,,Süd,jura,Jura Zentral,,,,,
Bern,Montagne de Sorvillier,Montagne de Sorvilier,47.2236,7.31453,1220,1,0,0,0,0,0,0,0,,,Süd,jura,Jura Zentral,,,,,
Graubünden,Montalin,Chur - Montalin -2260,46.8638,9.59039,2260,0,0,0,0,1,1,0,0,,,Beide,voralpen,Ostschweiz,,,,,
Tessin,Monte Bisbino,Monte Bisbino (Italien),45.8734,9.062,1325,0,0,0,0,0,0,1,0,,,Nord,alpen,Tessin Zentral,,,,,
Tessin,Monte Generoso,Monte Generoso -1600,45.9238,9.01328,1526,0,0,0,0,1,1,0,0,,,Nord,alpen,Tessin Zentral,,,Am SW-Startplatz Seitenwind von rechts beachten.,WETTER-TRIGGER: am SW-Start Seitenwind von rechts → Start erschwert; bei kräftigem Wind caution.,Zwei Startplätze: oben (Süd) und unterhalb (Südwest).
Tessin,Monte Lema,Monte Lema,46.0407,8.83248,1601,0,0,1,1,1,0,0,0,,,Nord,alpen,Tessin Zentral,,,,,"Startplatz oben auf dem Berg, 5 Gehminuten von der Seilbahn-Bergstation."
Tessin,Monte Tamaro,Monte Tamaro -Alpe Foppa,46.1168,8.89403,1520,0,0,1,1,1,1,0,0,,,Nord,alpen,Tessin Zentral,,,,,"Startplatz 50 m von der Gondelstation, einfacher Zugang."
Berneroberland,Mentschelenalp,Möntschelealp,46.7149,7.50926,1410,1,1,0,0,0,0,0,0,,,Süd,voralpen,Freiburger Voralpen,,,,,
Tessin,Mornera,Mornera (Bellinzona),46.2058,8.9859,1375,0,0,0,0,1,1,0,0,,,Nord,alpen,Tessin Zentral,"Bester Startplatz für Streckenflüge im Tessin, sehr gut geeignet für Dreiecke.",XC-Verstärker: bei gutem Region-XC bevorzugter Streckenspot (Dreiecke) → stützt hohes streckenflug-Rating; ersetzt aber keine Region-Daten.,,,Weniger bekannt als Locarno-Cimetta. Seilbahn muss einen Tag vorher gebucht werden (April-Oktober).
Schwyz,Mostelegg,Mostelegg,47.0561,8.65879,1270,0,0,0,0,0,1,0,0,,,Süd,voralpen,Mittelland Zentral,,,,,
Graubünden,Parpaner Rothorn,Urdenfürkli / Urdenfürggli,46.7664,9.5977,2561,0,0,0,0,0,1,1,1,,,Beide,alpen,Prättigau - Davos,,,,,Startplatz nur 2 Minuten von der Seilbahnstation entfernt.
Graubünden,Motta Naluns,Motta Naluns (Schuls/ Scuol),46.8125,10.2733,2157,0,0,1,1,1,0,0,0,,,Beide,hochalpin,Engadin Ober,,,,,"Zwei Startplätze nahe der Gondelstation, leicht erkennbar. Aufstieg per Gondel möglich."
Ostschweiz,Pizol,Wangs -Pizolbahn Endstation,46.9821,9.41763,2139,1,0,0,0,0,0,0,0,,,Beide,voralpen,Ostschweiz,,,,,Mehrere Startplätze in verschiedenen Höhen verfügbar.
Berneroberland,Betelberg,Mülkerblatte,46.4347,7.41392,1936,0,1,0,0,0,0,0,0,,,Süd,voralpen,Freiburger Voralpen,,,,,
Graubünden,Diavolezza,Munt Pers (Diavolezza/ Pontresina),46.419,9.95466,3120,0,0,0,0,0,1,0,0,,,Beide,hochalpin,Engadin Ober,,,,,
Graubünden,La Punt,la Punt - Muntische,46.5919,9.90854,2480,0,0,1,1,1,0,0,0,,,Beide,hochalpin,Engadin Ober,,,,,
Berneroberland,Wurmegg,Mürren-1680,46.5603,7.89006,1684,0,0,0,1,0,0,0,0,,,Beide,alpen,Berner Voralpen,,,,,
Zentralschweiz,Musenalp,Musenalp,46.9319,8.43665,1750,0,0,0,0,0,0,1,0,,,Süd,alpen,Zentralschweizer Voralpen,,,,,
Graubünden,Feldis,Feldis - Mutta -1980,46.7988,9.45479,1980,0,0,0,0,0,1,1,1,,,Beide,voralpen,Ostschweiz,,,,,
Graubünden,Scalottas,Muttner Höhi,46.6779,9.47446,1900,0,0,0,0,0,1,0,0,,,Beide,hochalpin,Engadin Unter,,,,,
Graubünden,Scalottas,Muttnerhorn,46.6493,9.4858,2400,0,0,0,0,0,1,0,0,,,Beide,hochalpin,Engadin Unter,,,,,
Graubünden,Cassons,Flims -Naraus-1850,46.8606,9.26761,1839,0,0,0,0,1,1,0,0,,,Beide,hochalpin,Surselva,,,,,"Startplatz auf Gras, Windsack vorhanden."
Berneroberland,Wasserscheide,Nässli,46.6713,7.41642,1760,0,0,0,1,0,0,0,0,,,Süd,voralpen,Freiburger Voralpen,,,,,
Solothurn,Stierenberg,Niderwiler Stierenberg,47.2703,7.55942,1160,0,0,0,1,0,0,0,0,,,Süd,jura,Jura Zentral,,,,,"Startplatz 100 m hinter dem Bergrestaurant Stierenberg. Zugang: Bus ab Solothurn HB oder Auto zum Balmberg Kurhaus, dann zu Fuss entlang des Grats nach Osten."
Zentralschweiz,Niederbauen - Emmetten,Emmetten - Niederbauen,46.9467,8.53676,1573,1,0,0,0,0,0,0,0,,,Süd,alpen,Zentralschweizer Voralpen,,,,,"Grosser Startplatz, wenige Schritte von Gondel und Restaurant."
Berneroberland,Interlaken,Niederhorn-1920,46.71,7.77342,1920,0,0,0,1,1,0,0,0,,,Beide,alpen,Berner Voralpen,Am besten morgens starten - ab Mittag zunehmender Rückenwind am Start.,"FENSTER-CAP: ab Mittag Rückenwind am Start → best_window endet ~12:00; Nachmittagsstunden zählen nicht als produktiv → prod_h effektiv halbiert, Rating entsprechend tiefer.",,,
Berneroberland,Niesen,Niesen-2280,46.6441,7.64566,2254,0,0,0,0,0,1,0,0,,,Süd,voralpen,Freiburger Voralpen,,,Windverhältnisse am Start können tückisch sein.,"WETTER-TRIGGER: Windverhältnisse am Start können tückisch sein → bei wechselhaftem/böigem Wind caution, sorgfältiger Windcheck vor dem Start.",Steiler Start mit reichlich Platz.
Wallis,Haute-Nendaz,Novelly-2360,46.1378,7.33641,2360,1,0,0,0,0,0,1,0,,,Beide,hochalpin,Unterwallis,,,,,
Zentralschweiz,Ober Büelen,Ob Mus,46.8399,8.24223,1360,0,0,0,0,0,0,0,1,,,Süd,alpen,Zentralschweizer Voralpen,,,,,
Ostschweiz,Pizol,Bad Ragaz - Pardiel- Obersaess,46.9904,9.4587,1700,1,0,0,0,0,0,0,0,,,Süd,voralpen,Ostschweiz,,,,,
Zentralschweiz,Ober Büelen,Ober Büelen,46.8536,8.27036,1560,1,0,0,0,0,0,1,1,,,Süd,alpen,Zentralschweizer Voralpen,Thermik setzt erst um ca. 13:00 ein und kann anfangs turbulent sein.,"FENSTER-CAP: Thermik setzt erst ~13:00 ein → Vormittag nicht produktiv, best_window ab 13:00; frühe Turbulenz in thermal_quality erwähnen.",Startplatz liegt im Lee des Talwinds (meist knapp darüber).,"WETTER-TRIGGER: Start liegt im Lee des Talwinds → bei kräftigem Talwind Turbulenz am Start (caution), nachmittags kritischer.",Einfacher Startplatz bei passendem Wind.
Zentralschweiz,Gitschenen,Ober Egg,46.9029,8.50436,1580,0,0,0,1,0,0,0,0,,,Süd,alpen,Zentralschweizer Voralpen,,,,,
Wallis,Unterrothorn,Zermatt -Oberrothorn,46.0266,7.8125,3400,0,0,0,0,0,1,0,0,,,Beide,hochalpin,Mattertal / Saastal,,,,,
Zentralschweiz,Sittlisalp,Obsaum,46.8545,8.75454,1800,1,0,0,0,0,0,0,0,,,Süd,alpen,Zentralschweizer Voralpen,,,,,
Graubünden,Parpaner Rothorn,Parpaner Rothorn -2800,46.7418,9.59893,2827,0,0,0,1,1,0,1,0,,,Beide,hochalpin,Engadin Unter,,,,,
Graubünden,Parsenn,Davos - Parsenn- Hoehenweg  -2200,46.82,9.82723,2167,0,1,1,1,1,0,0,0,,,Beide,alpen,Prättigau - Davos,,,,,"Startplatz auf 2200 m, ca. 150 m nördlich der Mittelstation der Parsennbahn. Ganzjährig nutzbar, leichter Start."
Wallis,Pas de Maimbre,Anzere - Pas de Maimbra -2350,46.3124,7.38541,2350,0,0,1,1,1,1,1,0,,,Beide,hochalpin,Unterwallis,,,,,
Wallis,Petit Mont Bonvin,Montana- Aminona - Petit Mont Bonvin-2380,46.3493,7.52502,2380,0,0,0,0,0,1,0,0,,,Beide,hochalpin,Unterwallis,,,,,
Berneroberland,Abendberg,Pfaffen,46.6308,7.50785,1930,0,0,0,1,0,0,0,0,,,Süd,voralpen,Freiburger Voralpen,,,,,
Berneroberland,Pfingstegg,Pfingstegg,46.6161,8.05613,1410,0,0,0,0,0,0,1,0,,,Beide,alpen,Berner Voralpen,,,,,
Graubünden,Jakobshorn,Pischa,46.8108,9.92055,2570,0,0,0,0,0,1,0,0,,,Beide,alpen,Prättigau - Davos,,,,,
Graubünden,Alp Stätz,Piz Danis-2450,46.7398,9.50952,2450,0,0,1,0,1,1,0,0,,,Beide,hochalpin,Engadin Unter,,,,,
Graubünden,Piz Lagalp,Piz Lagalb-2900,46.4297,10.0202,2900,0,0,0,0,0,1,1,1,,,Beide,hochalpin,Engadin Ober,Winter: NW-Start neben der Gondelstation; Sommer: W/SW-Start auf dem Lagalb.,"SAISON-GATE: Winter nur NW-Start, Sommer nur W/SW-Start — passt die Saisonrichtung nicht, ist der Tag trotz Sektor-Match nicht startbar → Rating 1.",,,Sommerstartplatz: 15 Min. Aufstieg.
Graubünden,Alp de la Creusch,Piz Mulain-2340,46.6982,9.6191,2340,0,0,0,0,0,1,0,0,,,Beide,hochalpin,Engadin Unter,,,,,
Graubünden,Piz Mundaun,Piz Mundaun,46.7425,9.15818,2040,0,0,0,1,1,0,1,0,,,Beide,hochalpin,Surselva,,,,,
Graubünden,Piz Nair,Piz Nair-2990,46.5081,9.78479,2990,0,0,0,0,0,1,0,0,,,Beide,hochalpin,Engadin Ober,,,,,
Graubünden,Piz Nair,Piz Nair-2920,46.5058,9.7899,2920,0,0,0,1,0,0,0,0,,,Beide,hochalpin,Engadin Ober,,,,,
Graubünden,Scalottas,Piz Scalottas-2300,46.7204,9.51009,2300,0,0,0,0,0,0,0,1,,,Beide,hochalpin,Engadin Unter,,,,,
Graubünden,Scalottas,Piz Scalottas-2160,46.728,9.51496,2160,0,0,1,0,1,0,0,0,,,Beide,hochalpin,Engadin Unter,,,,,
Berneroberland,Planplatten,Meiringen - Planplatten-2240,46.7365,8.25473,2226,0,0,0,1,0,0,1,0,,,Beide,alpen,Berner Voralpen,,,,,
Wallis,Chou ou Tsou,Planuit,46.1563,7.11836,1050,0,0,0,1,0,0,0,0,,,Beide,hochalpin,Unterwallis,,,,,
Graubünden,Schlans,Platta Cotschna-1580,46.7546,8.9694,1580,0,0,0,1,0,0,0,0,,,Beide,hochalpin,Surselva,,,,,
Graubünden,Schlans,Platta Cotschna-2160,46.7623,8.96373,2160,0,0,0,1,0,0,0,0,,,Beide,hochalpin,Surselva,,,,,
Wallis,Seetalhorn,Saas Fee -Plattjen,46.09,7.94093,2550,0,0,0,0,0,0,0,1,,,Beide,hochalpin,Mattertal / Saastal,,,,,
Waadt,Les Pleiades,Pleiades,46.4833,6.90718,1312,0,0,0,0,1,1,1,1,,,Süd,alpen,Waadtländer Alpen,,,,,
Wallis,Portes D'Onne,Portes d Onne-1920,46.2826,6.8645,1920,0,0,1,0,1,0,0,0,,,Süd,alpen,Waadtländer Alpen,,,,,
Graubünden,Präzer Alp,Präzer Alp,46.7386,9.37401,2120,0,0,1,0,1,0,0,0,,,Beide,hochalpin,Engadin Unter,,,,,
Ostschweiz,Prodkamm,Prodkamm,47.0741,9.26825,1930,1,1,1,1,0,0,1,1,,,Süd,voralpen,Glarnerland / Walensee,,,,,
Zentralschweiz,Ramenegg,Ramenegg,47.1025,8.61505,1130,0,0,1,0,1,0,0,0,,,Süd,voralpen,Mittelland Zentral,,,,,
Berneroberland,Ramslauen,Ramslauenen,46.5788,7.70673,1470,0,0,1,0,1,0,0,0,,,Süd,voralpen,Freiburger Voralpen,,,,,
Berneroberland,Rellerligrat,Rellerligrat-1800,46.5088,7.26275,1800,0,0,1,0,1,0,1,0,,,Süd,voralpen,Freiburger Voralpen,,,,,
Wallis,Laucheralp,Restialp,46.3961,7.73768,2100,0,0,0,1,0,0,0,0,,,Beide,hochalpin,Zentralwallis,,,,,
Berneroberland,Reuti,Reuti Sandhubel,46.7383,8.20577,1165,0,0,0,0,0,1,0,0,,,Beide,alpen,Berner Voralpen,,,,,
Wallis,Mutti,Bellwald - Ried,46.4352,8.15426,1680,0,0,0,0,0,1,0,0,,,Beide,hochalpin,Oberwallis / Goms,,,,,
Zentralschweiz,Wängihorn,Riedersegg,46.8028,8.70415,2200,0,0,0,0,0,0,1,0,,,Süd,alpen,Zentralschweizer Voralpen,,,,,
Zentralschweiz,Ruogig,Rietlig,46.8898,8.69176,1280,0,0,0,0,0,1,0,0,,,Süd,alpen,Zentralschweizer Voralpen,,,,,
Wallis,Riffelberg,Zermatt -Riffelberg-2600,45.9931,7.75225,2554,0,0,0,0,0,0,1,1,,,Beide,hochalpin,Mattertal / Saastal,Geeignet für Nachmittags- und Abendflüge. Nur im Sommer nutzbar.,SAISON+FENSTER-GATE: nur Sommer nutzbar; Vormittag ungeeignet → best_window Nachmittag/Abend; Winter oder reiner Vormittagstag → Rating 1/nicht nutzbar.,"Starke Talwinde möglich - Turbulenzgefahr. Offizieller Landeplatz kann unerreichbar sein, Ausweichlandeplatz einplanen.",WETTER-TRIGGER: starke Talwinde → Turbulenzgefahr + offizieller Landeplatz evtl. unerreichbar → caution + Ausweichlandeplatz einplanen; bei starkem Talwind no_go.,Startplatz auf 2600 m (Ausrichtung NW/W).
Wallis,Riffelberg,Riffelberg-2700,45.9944,7.76517,2700,0,0,0,0,0,0,0,1,,,Beide,hochalpin,Mattertal / Saastal,,,,,
Zentralschweiz,Wängihorn,Rigg,46.7848,8.70503,2110,0,0,0,0,0,1,0,0,,,Süd,alpen,Zentralschweizer Voralpen,,,,,
Fribourg,Riggisalp,Riggisalp,46.6594,7.29407,1450,1,0,0,0,0,0,1,1,,,Süd,voralpen,Freiburger Voralpen,,,,,
Schwyz,Rigi,Rigi-Staffelhöhe,47.0476,8.46056,1555,0,0,0,0,0,0,0,1,,,Süd,voralpen,Mittelland Zentral,,,,,
Zentralschweiz,Engelberg,Rigidalstock,46.8525,8.40895,2550,0,0,0,0,0,0,1,0,,,Süd,alpen,Zentralschweizer Voralpen,,,,,
Zentralschweiz,Stanserhorn,Rinderalp-1680,46.9326,8.35196,1680,1,0,0,0,0,0,0,0,,,Süd,alpen,Zentralschweizer Voralpen,,,,,
Berneroberland,Abendberg,Rinderalp-1820,46.6326,7.51307,1820,0,0,1,0,1,0,0,0,,,Süd,voralpen,Freiburger Voralpen,,,,,
Berneroberland,Rinderberg,Rinderberg-2000 NO,46.5085,7.35851,2000,0,1,0,0,0,0,0,0,,,Süd,voralpen,Freiburger Voralpen,,,,,
Berneroberland,Rinderberg,Rinderberg-2000 O,46.5103,7.36242,2000,0,0,1,0,1,0,0,0,,,Süd,voralpen,Freiburger Voralpen,,,,,
Wallis,Rinderhütte,Rinderhalte,46.3769,7.66349,2660,0,0,0,0,0,1,0,0,,,Beide,hochalpin,Unterwallis,,,,,
Wallis,Rinderhütte,Rinderhütte-2300,46.3702,7.64852,2300,0,0,0,0,0,0,1,0,,,Beide,hochalpin,Unterwallis,,,,,
Wallis,Rinderhütte,Rinderhütte-2500,46.377,7.65634,2500,0,0,0,0,0,0,0,1,,,Beide,hochalpin,Unterwallis,,,,,
Zentralschweiz,Gitschenberg,Rinderstoeckli,46.8798,8.57738,2170,0,0,0,0,0,0,0,1,,,Süd,alpen,Zentralschweizer Voralpen,,,,,
Graubünden,Jakobshorn,Rinerhorn -2490,46.7375,9.81376,2490,0,0,0,0,0,1,0,0,,,Beide,alpen,Prättigau - Davos,,,,,
Zentralschweiz,Pilatus,Risettenstock,47.0388,8.15047,1700,0,0,0,0,0,0,1,0,,,Süd,voralpen,Mittelland Zentral,,,,,
Wallis,Roc D'Orsival,Roc d\'Orzival,46.1945,7.53385,2853,1,0,0,0,0,0,0,0,,,Beide,hochalpin,Unterwallis,,,,,
Waadt,Videmanette,Rocher à Pointes,46.4606,7.20628,2150,0,0,0,1,0,0,0,0,,,Süd,voralpen,Freiburger Voralpen,,,,,
Waadt,Rochers de Naye,Rochers de Naye Antenne,46.4322,6.97698,2040,0,1,1,1,1,0,0,0,,,Süd,voralpen,Freiburger Voralpen,,,,,Eher für Hängegleiter geeignet; Gleitschirme nutzen besser den Startplatz Jaman.
Schwyz,Hoch-Ybrig,Roggenstock-1770,47.0232,8.78959,1770,0,0,0,1,0,0,1,0,,,Süd,alpen,Zentralschweizer Voralpen,,,,,
Zentralschweiz,Rophaien,Rophaien,46.9281,8.64669,2070,1,0,0,0,0,0,0,0,,,Süd,alpen,Zentralschweizer Voralpen,,,,,
Berneroberland,Eggli,Rossfälli,46.4602,7.2616,1580,0,0,1,0,1,0,0,0,,,Süd,voralpen,Freiburger Voralpen,,,,,
Zentralschweiz,Rotenfluespitz,Rotenfluespitz-1520,46.8776,7.94238,1520,1,0,0,0,0,0,0,0,,,Süd,voralpen,Mittelland Zentral,,,,,
Solothurn,Weissenstein,Röti (Weissenstein),47.2582,7.52782,1395,0,1,0,0,0,0,0,0,,,Süd,jura,Jura Zentral,Ausreichend Wind nötig für problemlosen Start.,"Mindestwind-Voraussetzung (unquantifiziert): bei Flaute erschwerter Start → konservativ bewerten, kein Soaring-Bonus; kein hartes Zahlen-Cap.",Stark geneigter Startplatz.,STATISCH: stark geneigter Startplatz → Startrisiko-caution.,
Zentralschweiz,Engelberg,Ruchweg,46.838,8.41983,1740,0,0,0,1,0,0,0,0,,,Süd,alpen,Zentralschweizer Voralpen,,,,,
Zentralschweiz,Ruelen,Ruedlen,46.8982,8.31778,1300,0,0,0,0,0,0,1,0,,,Süd,alpen,Zentralschweizer Voralpen,,,,,
Berneroberland,Allmenalp,Ryharts,46.4854,7.65157,1850,0,0,1,0,1,0,0,0,,,Süd,voralpen,Freiburger Voralpen,,,,,
Tessin,St. Maria,Santa Maria,46.2672,9.13777,1210,0,0,0,1,1,1,1,0,,,Nord,alpen,Tessin Zentral,,,,,"Anreise per Bus bis Bivio Calanca, dann 20 Min. Aufstieg. Keine Auffahrt mit Fahrzeugen. Grasgrenzen beachten."
Graubünden,Fanas,Sassauna,47.0116,9.69762,2300,0,0,0,0,0,1,0,0,,,Beide,alpen,Prättigau - Davos,,,,,Hike-up-Start; Start überall am Hang möglich; Landung am Gipfel möglich.
Berneroberland,Grimer,Sattelhorn-2376,46.5505,7.69485,2376,0,0,1,0,1,0,1,0,,,Süd,voralpen,Freiburger Voralpen,,,,,
Ostschweiz,Elm,Schabell,46.9299,9.13791,2110,0,0,0,1,0,0,0,0,,,Süd,voralpen,Glarnerland / Walensee,,,,,
Wallis,Rinderhütte,Schafberg,46.3684,7.6667,2800,0,0,0,0,0,0,1,0,,,Beide,hochalpin,Unterwallis,,,,,
Zentralschweiz,Farneren,Schafmatt,46.9089,8.06081,1930,0,0,0,0,0,0,0,1,,,Süd,alpen,Zentralschweizer Voralpen,,,,,
Zentralschweiz,Marbachegg,Schallenberg,46.8241,7.79942,1208,0,0,1,0,1,0,0,0,,,Süd,hochalpin,Berner Oberland,,,,,
Graubünden,Parpaner Rothorn,Scharmoin,46.7431,9.5764,1990,0,0,0,0,0,0,1,0,,,Beide,hochalpin,Engadin Unter,,,,,
Zentralschweiz,Schartihöreli,Scharti,46.8965,8.56789,1570,0,0,1,0,1,0,0,0,,,Süd,alpen,Zentralschweizer Voralpen,,,,,
Schwyz,Rigi,Rigi-Scheidegg,47.0279,8.51983,1649,0,1,0,1,0,0,0,0,,,Süd,voralpen,Mittelland Zentral,,,,,
Graubünden,Parsenn,Davos - Schiahorn -2700,46.8178,9.80354,2700,0,0,0,1,1,1,0,0,,,Beide,alpen,Prättigau - Davos,,,,,
Berneroberland,Schiltgrat,Schiltgrat Muerren,46.557,7.87289,2100,1,1,1,1,1,1,1,1,,,Beide,alpen,Berner Voralpen,,,,,
Berneroberland,Schilthorn,Schilthorn -Mürren / Muerren,46.5585,7.83,2853,0,0,0,0,0,1,0,0,,,Beide,alpen,Berner Voralpen,,,"Stark eingeschränkter Platz (nur ein Gleitschirm), steiniger Untergrund. Windspion zur Beurteilung der lokalen Windverhältnisse dringend empfohlen.","STATISCH+WETTER: extrem enger Platz, steiniger Untergrund; lokale Windbeurteilung nötig (Windspion) → hohe Start-caution, bei unklarem Wind nicht starten.",Zugang über Treppe vom Besucherplateau und ca. 400 m Gratweg nach WNW.
Zentralschweiz,Schimbrig,Schimbrig,46.9388,8.11106,1780,0,0,0,0,0,0,0,1,,,Süd,alpen,Zentralschweizer Voralpen,,,,,
Berneroberland,Windeck,Schonegg-2190,46.6916,7.98574,2190,0,0,1,0,1,0,1,0,,,Beide,alpen,Berner Voralpen,,,,,
Ostschweiz,Schönhalden,Flums -Schönhalden (Schoenhalden),47.0613,9.33628,1422,0,1,0,0,0,0,0,0,,,Süd,voralpen,Glarnerland / Walensee,,,,,
Zentralschweiz,Spierberg,Schwaendiliflue,46.8879,8.0376,1790,0,0,0,1,0,0,0,0,,,Süd,alpen,Zentralschweizer Voralpen,,,,,
Berneroberland,Niesen,Schwandegg,46.6423,7.66329,1720,0,0,0,1,0,0,0,0,,,Süd,voralpen,Freiburger Voralpen,,,,,
Berneroberland,Adelboden,Schwandfeldspitz-2020,46.4981,7.54024,2020,1,0,0,0,0,0,0,0,,,Süd,voralpen,Freiburger Voralpen,,,,,
Solothurn,Chutz,Schwaengimatt,47.2891,7.67262,1085,1,1,0,0,0,0,0,1,,,Süd,jura,Jura Zentral,,,,,
Fribourg,Schwyberg,Schwyberg-1600 NO,46.6775,7.2622,1600,0,1,1,1,1,0,0,0,,,Süd,voralpen,Schwarzsee / Gantrisch,,,,,
Fribourg,Schwyberg,Schwyberg-1600 SW,46.6748,7.26025,1600,0,0,0,0,0,1,1,0,,,Süd,voralpen,Schwarzsee / Gantrisch,,,,,
Wallis,Seetalhorn,Graechen -Seetalhorn,46.1753,7.85819,2870,0,0,0,0,0,1,1,1,,,Beide,hochalpin,Mattertal / Saastal,,,,,
Wallis,Soi d'en Haut,Signal de Soi,46.1875,6.91537,1993,0,0,0,0,0,1,0,1,,,Süd,alpen,Waadtländer Alpen,,,,,Mehrere Startmöglichkeiten auf grasbewachsenen Hängen.
Graubünden,Somtgant,Somtgant (Savognin),46.5875,9.54676,2259,1,1,1,0,0,0,1,1,,,Beide,hochalpin,Engadin Unter,,,,,
Waadt,Sonchaux,Sonchaux (Villeneuve),46.4173,6.9522,1404,1,0,0,0,0,1,1,1,,,Süd,alpen,Waadtländer Alpen,,,,,
Wallis,Col de Sorebois,Sorebois (Zinal),46.1455,7.6037,2435,0,0,1,1,1,0,0,0,,,Beide,hochalpin,Mattertal / Saastal,,,,,
Wallis,Seetalhorn,Spielboden,46.092,7.89699,2500,1,0,0,0,0,0,0,0,,,Beide,hochalpin,Mattertal / Saastal,,,,,
Zentralschweiz,Spierberg,Spierberg,46.8859,7.99166,1520,0,0,0,1,0,0,0,0,,,Süd,voralpen,Mittelland Zentral,,,,,
Zentralschweiz,Schimbrig,Staefeliflue,46.9641,8.16065,1820,0,0,0,0,0,0,0,1,,,Süd,alpen,Zentralschweizer Voralpen,,,,,
Zentralschweiz,Stanserhorn,Stanserhorn,46.9313,8.34734,1750,0,0,0,1,0,0,0,0,,,Süd,alpen,Zentralschweizer Voralpen,,,,,
Graubünden,Alp Stätz,Staetzerhorn,46.7546,9.51205,2570,0,0,0,0,0,1,0,0,,,Beide,hochalpin,Engadin Unter,,,,,
Wallis,Steibenkreuz,Bellwald - Steibenkreuz,46.4482,8.16224,2400,0,0,0,0,0,1,0,0,,,Beide,hochalpin,Oberwallis / Goms,,,,,
Zentralschweiz,Pilatus,Steiglihorn-1950 SO,46.9796,8.25878,1950,0,0,0,1,0,0,0,0,,,Süd,voralpen,Mittelland Zentral,,,,,
Zentralschweiz,Pilatus,Steiglihorn-1950 SW,46.9805,8.26076,1950,0,0,0,0,0,1,0,0,,,Süd,voralpen,Mittelland Zentral,,,,,
Graubünden,Stein,Alp Stein,46.7254,9.12623,2160,0,0,0,1,0,1,1,0,,,Beide,hochalpin,Surselva,,,,,
Berneroberland,Allmenalp,Steintal,46.4984,7.6438,2100,0,0,0,1,0,0,0,0,,,Süd,voralpen,Freiburger Voralpen,,,,,
Graubünden,Stelserberg,Schiers -Stelserberg,46.9619,9.72396,1469,0,0,0,0,1,0,0,0,,,Beide,alpen,Prättigau - Davos,,,Hindernisse und Personen im Restaurantbereich beachten.,STATISCH: Hindernisse und Personen im Restaurantbereich → caution beim Aufziehen/Start.,Startplatz vor einem Restaurant.
Berneroberland,Stockhorn,Stockhorn,46.6924,7.53799,2050,0,0,0,0,1,0,0,0,,,Süd,voralpen,Freiburger Voralpen,,,,,
Graubünden,Schatzalp,Davos - Strela -2440,46.8054,9.79054,2440,0,0,0,1,0,0,0,0,,,Beide,alpen,Prättigau - Davos,,,,,
Zentralschweiz,Spierberg,Strick,46.8535,7.99132,1820,0,0,0,1,0,0,0,0,,,Süd,alpen,Zentralschweizer Voralpen,,,,,
Berneroberland,Schynige Platte,Sulegg-2320,46.6215,7.85382,2320,0,0,0,1,0,0,0,1,,,Beide,alpen,Berner Voralpen,,,,,
Ostschweiz,Wissenberg,Sunnenhoernli,46.9859,9.18504,2010,0,0,0,0,0,0,1,0,,,Süd,voralpen,Glarnerland / Walensee,,,,,
Zentralschweiz,Brüsti,Sunnig Grat,46.7847,8.63234,2040,1,1,1,1,1,0,0,0,,,Süd,alpen,Zentralschweizer Voralpen,,,,,
Neuenburg,Tete de Ran,Tete de Ran,47.0541,6.8531,1420,0,0,0,1,1,0,0,0,,,Süd,jura,Jura West,,,Stromleitungen links beim Abflug.,STATISCH: Stromleitungen links im Abflug → Hindernis-caution.,Startrampe für Gleitschirme vorhanden.
Graubünden,Somtgant,Tgant Son Martegn-2090,46.5995,9.62621,2090,0,0,0,0,0,0,1,0,,,Beide,hochalpin,Engadin Unter,,,,,
Graubünden,Somtgant,Tgant Son Martegn-2330,46.5988,9.63663,2330,0,0,0,0,0,1,1,0,,,Beide,hochalpin,Engadin Unter,,,,,
Graubünden,Somtgant,Tgant Son Martegn-2460,46.602,9.63676,2460,0,0,0,0,0,1,1,0,,,Beide,hochalpin,Engadin Unter,,,,,
Graubünden,Somtgant,Tigignas,46.5921,9.56391,1800,0,1,0,0,0,0,0,0,,,Beide,hochalpin,Engadin Unter,,,,,
Wallis,Vercorin,Tignousa,46.2292,7.6105,2192,0,0,0,0,0,1,1,0,,,Beide,hochalpin,Unterwallis,,,,,Besserer Startplatz 25 Min. Aufstieg von einer kleinen Gaststätte; je nach Wind kann fast überall gestartet werden.
Zentralschweiz,Titlis,Engelberg -Titlis,46.7731,8.43502,2543,0,0,0,0,0,0,0,1,,,Süd,alpen,Zentralschweizer Voralpen,,,,,
Berneroberland,Adelboden,Tschentenegg,46.4995,7.54806,1920,0,0,0,1,0,0,0,0,,,Süd,voralpen,Freiburger Voralpen,,,,,
Ostschweiz,Palfries,Palfries,47.0887,9.42223,1746,0,0,0,0,0,1,0,0,,,Süd,voralpen,Glarnerland / Walensee,,,,,"Startplatz primär für Hängegleiter ausgelegt, für Gleitschirme möglicherweise nicht optimal."
Berneroberland,Abendberg,Turnen,46.6272,7.49087,2079,0,0,0,0,0,1,0,0,,,Süd,voralpen,Freiburger Voralpen,,,,,
Zentralschweiz,Schönbüel,Turren,46.7871,8.12423,1560,0,1,0,0,0,0,0,0,,,Süd,alpen,Zentralschweizer Voralpen,,,,,
Wallis,Ulrichen,Ulrichergale-2100,46.5184,8.29089,2140,0,0,1,0,1,0,0,0,,,Beide,hochalpin,Oberwallis / Goms,,,,,
Ostschweiz,Fronalp,Unter Stafel / Fronalp,47.0722,9.09139,1347,0,0,0,0,0,0,0,1,,,Süd,voralpen,Glarnerland / Walensee,,,Strasse direkt oberhalb - mögliche Gefahr durch Fahrzeuge und Personen.,STATISCH: Strasse direkt oberhalb (Fahrzeuge/Personen) → caution.,Startplatz direkt unterhalb der Strasse.
Wallis,Unterrothorn,Zermatt -Rothorn- Blauherd- Sunegga,46.0213,7.79632,3078,1,0,0,0,1,0,0,0,,,Beide,hochalpin,Mattertal / Saastal,"Rothorn: Wind stärker im Frühling und an Sommernachmittagen. Blauherd: Sommerstart, leichter Wind bis in den Nachmittag. Sunnegga: Nebensaison-Start, Wind wird frühnachmittags zu stark.","FENSTER-CAP je Start: Sunnegga nur früh (Wind frühnachmittags zu stark), Blauherd bis Nachmittag, Rothorn nachmittags windiger → best_window je Start verkürzen, späte Stunden ggf. nicht produktiv.",Rothorn: felsiger Untergrund im Sommer.,SAISON: Rothorn im Sommer felsiger Untergrund → Start-caution im Sommer.,"Rothorn (3100 m): Start nach Nord und Süd, Winter & Sommer, gute Schneelage. Blauherd (2600 m, West): 5 Min. Fussweg ab Station, Graspiste. Sunnegga (2200 m)."
Schwyz,Urmiberg,Urmiberg (Brunnen),47.012,8.59105,1078,0,0,0,1,1,1,0,0,,,Süd,alpen,Zentralschweizer Voralpen,,,"Hindernisse der Seilbahn (Seile, Masten) am Start beachten.",STATISCH: Seile und Masten der Seilbahn am Start → Hindernis-caution.,Steile Wiese direkt neben/unter der Seilbahnstation.
Graubünden,Vilan,Vilan -Älpli,47.0127,9.59164,1861,0,0,0,0,0,1,0,0,,,Beide,voralpen,Ostschweiz,,,,,
Graubünden,Vilan,Vilan -Gipfel,47.0116,9.60355,2350,0,0,0,1,1,1,0,0,,,Beide,alpen,Prättigau - Davos,,,,,
Fribourg,Vounetse,Vounetz-1620,46.6257,7.20622,1620,0,1,0,0,0,1,0,0,,,Süd,voralpen,Schwarzsee / Gantrisch,,,,,
Zentralschweiz,Bruniswald,Walegg,46.8682,8.41317,1980,0,0,0,0,0,0,0,1,,,Süd,alpen,Zentralschweizer Voralpen,,,,,
Bern,Walenmatt,Walenmatt,47.2848,7.48556,1214,0,0,0,0,0,0,0,1,,,Süd,jura,Jura Zentral,,,,,
Berneroberland,Stockhorn,Walpersbärgli,46.6861,7.55236,1900,0,0,0,0,0,1,0,0,,,Süd,voralpen,Freiburger Voralpen,,,,,
Zentralschweiz,Ober Büelen,Wandelen-2100,46.8227,8.24722,2100,1,0,0,0,0,1,1,1,,,Süd,alpen,Zentralschweizer Voralpen,,,,,
Zentralschweiz,Wängihorn,Wängihorn,46.8585,8.71332,1920,0,0,0,0,0,0,1,0,,,Süd,alpen,Zentralschweizer Voralpen,,,,,
Zentralschweiz,Wannelen,Wannelen,46.8568,8.78935,1620,1,0,0,0,0,0,0,0,,,Süd,alpen,Zentralschweizer Voralpen,,,,,
Zentralschweiz,Wannelen,Wanneler Egg,46.8514,8.78528,1880,0,0,0,0,0,0,1,0,,,Süd,alpen,Zentralschweizer Voralpen,,,,,
Berneroberland,Wasserngrat,Wasserngrat,46.4554,7.3254,2020,0,0,0,0,0,0,1,0,,,Süd,voralpen,Freiburger Voralpen,,,,,
Zentralschweiz,Wängihorn,Wasserplatten,46.7981,8.68438,1180,0,0,0,0,0,0,1,0,,,Süd,alpen,Zentralschweizer Voralpen,,,,,
Berneroberland,Wasserscheide,Wasserscheide,46.719,7.44779,1640,0,1,0,0,0,0,0,0,,,Süd,voralpen,Freiburger Voralpen,,,,,
Solothurn,Weissenstein,Weissenstein,47.2507,7.5102,1240,0,0,0,1,0,0,0,0,,,Süd,jura,Jura Zentral,Startplatz für Süd- oder Nullwind.,GATE: nutzbar nur bei Süd- oder Nullwind — Thermik-Rating gilt nur dann; bei West/Bise greift die Sicherheits-Bemerkung (Rotor) → nicht fliegbar.,West- und Nordostwind (Bise) erzeugen Rotoren - dann alternativ Startplatz Röti nutzen.,WETTER-TRIGGER: West- und Bise-Lagen erzeugen Rotoren → dann no_go am Hauptstart (Ausweich Röti); sicher nur bei Süd- oder Nullwind.,
Graubünden,Weisshorn,Arosa -Weisshorn,46.7892,9.6377,2623,1,1,0,0,1,1,1,0,,,Beide,alpen,Prättigau - Davos,Im Sommer nur SW-Start; im Winter auch NE-Start möglich (präparierte Skipiste).,SAISON-GATE: Sommer nur SW-Start; NE nur im Winter (Piste) — Sommertag mit NE-Anströmung nicht startbar trotz Sektor → Rating 1.,"NNW-Start extrem kurz, kein Raum für Startabbruch. Winterstart auf Skipiste nur geduldet - Rücksicht auf Skifahrer.","STATISCH+REGEL: NNW-Start extrem kurz, kein Raum für Startabbruch → hohe Start-caution; Winterstart auf Piste nur geduldet → Rücksicht auf Skifahrer (Hinweis).",
Berneroberland,Tschuggen,Wengernalp,46.5812,7.94223,2100,0,0,0,0,0,1,0,0,,,Beide,alpen,Berner Voralpen,,,,,
Bern,Montoz Süd,Werdtberg-1270 (Montoz sud),47.2066,7.2153,1272,0,0,0,1,1,1,0,0,,,Süd,jura,Jura Zentral,,,,,
Bern,Montoz Nord,Werdtberg-1240 (Montoz nord),47.208,7.2168,1241,1,0,0,0,0,0,0,1,,,Süd,jura,Jura Zentral,,,,,
Berneroberland,Wasserscheide,Widdersgrind-2020,46.6754,7.40662,2020,0,0,1,0,1,0,1,0,,,Süd,voralpen,Freiburger Voralpen,,,,,
Schwyz,Wildspitz,Wildspitz,47.084,8.57776,1550,0,0,0,1,0,0,0,0,,,Süd,voralpen,Mittelland Zentral,,,,,
Zentralschweiz,Schönbüel,Wilerhorn,46.7774,8.09988,1870,0,1,0,0,0,0,0,0,,,Beide,alpen,Berner Voralpen,,,,,
Berneroberland,Galm,Wiriehorn,46.58,7.52931,2304,0,0,0,0,0,0,0,1,,,Süd,voralpen,Freiburger Voralpen,,,,,
Zentralschweiz,Wirzweli,Wirzweli,46.9149,8.36675,1220,1,0,0,0,0,0,0,0,,,Süd,alpen,Zentralschweizer Voralpen,,,,,
Zentralschweiz,Engelberg,Wissberg,46.8106,8.46978,2200,0,0,0,0,0,1,0,0,,,Süd,alpen,Zentralschweizer Voralpen,,,,,
Ostschweiz,Pizol,Zaunzegg,46.9851,9.45521,1940,0,1,0,0,0,0,0,0,,,Süd,voralpen,Ostschweiz,,,,,
Zentralschweiz,Engelberg,Ziebeln,46.8216,8.44444,1900,0,0,0,0,0,0,1,0,,,Süd,alpen,Zentralschweizer Voralpen,,,,,
Ostschweiz,Maschgenkamm,Ziger,47.069,9.25096,2040,0,0,0,0,0,0,0,1,,,Süd,voralpen,Glarnerland / Walensee,,,,,
Wallis,Vercorin,Crêt-du-Midi,46.2294,7.52861,2312,1,1,1,0,1,1,1,1,,,Beide,hochalpin,Unterwallis,,,,,
Graubünden,Parsenn,Davos - Weissfluhjoch -2650,46.8319,9.8055,2630,0,0,0,1,0,0,0,0,,,Beide,alpen,Prättigau - Davos,"Nur im Winter nutzbar, nur bei schwachem Wind.","HARTES SAISON+WIND-GATE: nur Winter UND schwacher Wind — Sommer oder frischer Wind → nicht nutzbar, Rating 1.",Bei stärkerem Wind erhöhte Turbulenz und Gefahr durch den Lift.,WETTER-TRIGGER: bei mehr als schwachem Wind erhöhte Turbulenz und Gefahr durch den Lift → dann no_go (deckt sich mit dem Flug-Gate).,Startplatz leicht unterhalb der Parsennbahn-Station neben dem Sessellift Parsenn Rapid.
Graubünden,Parsenn,Davos - Weissfluhgipfel -2820,46.8344,9.7956,2808,1,0,0,0,1,0,0,0,,,Beide,alpen,Prättigau - Davos,Nordstart: bei mässigem Nordwind dynamisches Fliegen möglich.,Prosa-Aufwertung: bei mässigem Nordwind dynamisches Fliegen möglich → soaring_options; kein Einfluss aufs Zahlen-Rating.,"Südstart schwierig, nur für erfahrene Piloten.","ANSPRUCH: Südstart schwierig, nur für erfahrene Piloten → caution; Nordstart bevorzugen.","Nordstart 5 Min. von Gondelstation, einfach; Flugroute via Gotschnagrat zum LZ Klosters. Südstart zwischen Gondelstation und Restaurant; Flugroute zum LZ Davos-Bolgen."
Graubünden,Schatzalp,Davos - Schatzalp -1980,46.8049,9.8165,1973,0,0,1,1,1,0,0,0,,,Beide,alpen,Prättigau - Davos,,,,,
Zürich,Alp Scheidegg,Alp Scheidegg (Wald),47.304,8.9431,1196,0,0,0,0,0,1,1,0,,,Süd,alpen,Alpstein / Ostschweiz,,,,,Startrampe vorhanden.
Bern,Corgémont,Corgemont,47.1734,7.1379,1118,1,1,1,0,0,0,0,0,,,Süd,jura,Jura Zentral,,,,,
Waadt,St. Cergue,Saint-Cergue,46.4449,6.17577,1001,0,0,0,1,1,1,0,0,,,Süd,mittelland,Genferseeregion,"Flugbetrieb im Sommer 9:00-17:00 Uhr, beste Zeit 12:00-14:00 Uhr. Maximalwind 20 km/h.",HARTE CAPS: Maximalwind 20 km/h (Stunden darüber nicht fliegbar) + Betriebszeit 9-17 Uhr begrenzt best_window; beste Stunden 12-14 Uhr.,,,Startplatz für Wind aus Südost bis Süd. Balise 'La Dôle' (1670 m) für aktuelle Winddaten nutzbar.
Wallis,La Breya,"La Breya (Orsieres, Champex)",46.0203,7.10174,2189,0,0,0,1,0,0,0,1,,,Beide,hochalpin,Unterwallis,Im Sommer Ostwind für Thermik empfohlen; im Winter Westwind für einfachen Start und Hangflug.,"SAISON-PRÄFERENZ: Sommer Ostwind = Thermiktag, Winter Westwind = einfacher Start/Hangflug — falsche Kombination senkt Flugqualität (weicher Dämpfer, kein Stopp).",,,"Startplatz oben an der Sesselbahn in Champex (2192 m), zwei Starts: West und Ost."
Ostschweiz,Ob Lucken,Ob Lucken,47.7631,8.55614,890,0,0,0,0,0,0,1,0,,,Süd,mittelland,Bodenseeraum,,,"Sehr kleiner, kurzer Startplatz - nur für erfahrene Piloten.","STATISCH/ANSPRUCH: sehr kleiner, kurzer Startplatz → nur erfahrene Piloten, Start-caution.",Rampe für Hängegleiter vorhanden.
Tessin,Monti di Gana,Monti della Gana 1270m,46.197,8.90798,1257,0,0,0,1,1,0,0,0,,,Nord,alpen,Tessin Zentral,,,Kein offizieller Startplatz.,VERBOT: kein offizieller Startplatz → grundsätzlich abraten (organisatorisches no_go).,Zufahrtsstrasse gesperrt.
Ostschweiz,Stockberg,Stockberg,47.2242,9.23766,1526,0,0,0,0,0,1,1,0,,,Süd,alpen,Alpstein / Ostschweiz,,,,,
Jura,Hohwacht,Hohwacht,47.3777,7.6745,971,1,1,0,0,0,0,0,1,,,Süd,jura,Jura Ost,,,,,
Schwyz,Gschwänd,Gschwänd / Galgenen,47.1561,8.8719,1081,1,1,0,0,0,0,0,1,,,Süd,voralpen,Mittelland Zentral,,,,,Grashang mit Platz für mehrere Gleiter. Separater HG-Startplatz einige hundert Meter östlich.
Tessin,Malvaglia,Malvaglia,46.4253,8.99783,1487,0,0,0,1,1,1,0,0,,,Nord,hochalpin,Tessin Nord,,,,,
Ostschweiz,Motlinger Schwamm,Montlinger Schwamm,47.3099,9.51008,1171,1,1,0,0,0,0,0,0,,,Süd,alpen,Alpstein / Ostschweiz,,,Nur den markierten Bereich des Feldes für den Start nutzen (Infotafel am Startplatz).,"REGEL: nur den markierten Bereich nutzen (Infotafel) → Hinweis, kein Status-Einfluss.",
Ostschweiz,Chäserugg,Hinterrugg,47.1528,9.30425,2183,1,0,0,1,1,1,0,1,,,Süd,voralpen,Glarnerland / Walensee,,,,,
Zentralschweiz,Fisetenpass,Fisetengrat,46.8847,8.93197,2026,1,1,0,0,0,0,0,1,,,Süd,voralpen,Glarnerland / Walensee,SE-Start bei Südwind möglich.,Erweiterte Nutzbarkeit: bei Südwind ist der (steile) SE-Start nutzbar → Süd-Tage nicht wegen Richtung abschreiben.,SE-Start steil - Vorsicht.,STATISCH: SE-Start steil → caution bei dessen Nutzung.,Mehrere Startplätze; NW-Richtung einfach.
Fribourg,Gurli,Gurli,46.7135,7.2827,1400,1,1,1,0,0,0,0,0,,,Süd,voralpen,Schwarzsee / Gantrisch,,,,,
Graubünden,Schlans,Brigels,46.7988,9.06547,2171,0,0,0,1,1,1,0,0,,,Beide,hochalpin,Surselva,,,,,
Waadt,La Barilette,Saleve - La Table d'Orientation,46.1487,6.1891,1205,1,0,0,0,0,0,1,1,,,Süd,mittelland,Genferseeregion,,,,,Startplatz 50 m rechts vom Parkplatz am buddhistischen Tempel.
Schwyz,Rigi,Rigi Kulm,47.0549,8.4862,1748,0,1,1,1,1,1,1,0,,,Süd,voralpen,Mittelland Zentral,,,,,
Wallis,Mayen,Mayen,46.3143,6.88437,862,0,0,0,1,1,1,0,0,,,Süd,alpen,Waadtländer Alpen,,,,,"Steile Grasstartwiese, auch für Anfänger geeignet. Nicht im Dorf parken!"
Wallis,Sarreyer,Petit Combin,45.9838,7.266,3640,0,0,0,1,1,1,0,0,,,Beide,hochalpin,Mattertal / Saastal,,,,,
Wallis,La Chaux Anteme,Les Lués,46.0957,6.9715,2000,0,1,1,1,1,0,0,0,,,Beide,hochalpin,Unterwallis,,,,,
Waadt,La Barilette,La Barillette (or:Les Burnes Gelées),46.4294,6.13222,1420,0,0,0,1,0,0,0,0,,,Süd,mittelland,Genferseeregion,Maximalwind 15-20 km/h.,HARTES CAP: Maximalwind 15-20 km/h → Stunden darüber nicht nutzbar; liegt der Tageswind drüber → Rating 1/blockiert.,"Achtung TMA des Flughafens Genf. Enger, bewaldeter Startkorridor mit möglichen Turbulenzen.","LUFTRAUM+STATISCH: TMA Genf beachten (Hinweis); enger bewaldeter Startkorridor mit Turbulenzen → Start-caution, bei böigem Wind kritisch.",10 Min. Fussweg abwärts vom Parkplatz. Windinfo MeteoSchweiz an der La Dôle. Details auf der Club-Website.
Bern,Chasseral Nord,Mont-Soleil,47.1584,6.9939,1156,0,0,1,1,1,1,0,0,,,Süd,jura,Jura West,,,Wenig Platz am Start - Vorsicht bei der Platzwahl.,STATISCH: wenig Platz am Start → Start-caution bei der Platzwahl.,Grasstartplatz (ähnlich Wimbledon).
Fribourg,Vounetse,Gastlosen,46.595,7.2828,1555,1,1,1,0,0,1,1,1,,,Süd,voralpen,Freiburger Voralpen,,,,,
Solothurn,Obere Wengi,Hohe Winde,47.343,7.5797,1205,1,1,0,0,0,0,0,1,,,Süd,jura,Jura Zentral,,,,,"Startplatz auf 1205 m auf dem Gipfel der Hohen Winde. Geeignet bei Wind aus NW, N oder NE."
Schwyz,Euthal,Euthal,47.0936,8.82327,988,1,0,0,0,0,0,0,1,,,Süd,voralpen,Mittelland Zentral,,,,,Mehrere Startmöglichkeiten; ca. 15 Minuten Fussweg vom Landeplatz.
Wallis,Haute-Nendaz,Plan du fou,46.1409,7.29533,2447,0,0,1,0,0,0,1,0,,,Beide,hochalpin,Unterwallis,West-Start nur bei stärkerem Wind nutzbar.,Options-Regel: West-Start nur bei frischem Wind zählen; bei Schwachwind zählt nur der Ost-Start als Fenster.,West-Start: sehr kurze Startbahn mit steilen Klippen.,STATISCH: West-Start sehr kurze Bahn mit Klippen → hohe caution; nur mit ausreichend Wind nutzen (siehe Flug-Regel).,Startplatz 200 m links der Bergstation der Seilbahn von Siviez; beste Startrichtung Ost.
Schwyz,Hoch-Ybrig,Hoch-Ybrig,46.9995,8.8018,1813,1,1,0,0,0,0,0,1,,,Süd,alpen,Zentralschweizer Voralpen,,,,,
Zentralschweiz,Herlisberg,Herlisberg,47.1983,8.23307,711,0,1,1,0,0,0,0,0,,,Süd,mittelland,Zentrales Mittelland,,,,,"Grosses, grasbewachsenes Feld; Toplandung möglich."
Waadt,Dent de Vaulion,Le Pont-Vallée de Joux,46.661,6.3353,1078,0,0,0,0,0,1,0,0,,,Süd,mittelland,Genferseeregion,,,,,Startplatz auf einem Feld auf dem Hügelgipfel.
Graubünden,Gotschnagrat,Madrisa nord-ost,46.9045,9.87797,2072,0,0,1,1,1,1,1,0,,,Beide,alpen,Prättigau - Davos,,,,,"Gut geeignete Startwiese, einfacher Start."
Wallis,Chalavornaire,Grammont,46.3575,6.8211,2147,0,0,0,0,1,0,0,0,,,Süd,alpen,Waadtländer Alpen,,,,,"Grosse, grasbewachsene Wiese."
Waadt,La Dole,La Dôle,46.4252,6.09989,1660,0,0,1,1,0,0,1,1,,,Süd,mittelland,Genferseeregion,Nur bei Ost- bis Südostwind startbar.,HARTES GATE: nur bei Ost- bis Südostwind startbar (Klippenstart) — andere Richtung → Rating 1 (verschärft den Sektor: keine Toleranz).,Klippenstart - Achtung vor abruptem Höhenverlust beim Start.,"STATISCH: Klippenstart mit abruptem Höhenverlust → caution, saubere Starttechnik nötig.",Startplatz auf 1680 m.
Wallis,Soi d'en Haut,Mex Aiguille,46.1897,6.98146,1821,1,1,1,1,0,0,0,0,,,Süd,alpen,Waadtländer Alpen,,,"Kein Tandemstart! Vorsicht vor Büschen und Bäumen am Startpfad, Leitungen beachten.",REGEL+STATISCH: kein Tandemstart; Büsche/Bäume am Startpfad und Leitungen → Hindernis-caution.,"Startplatz auf einem Pfad zwischen Bäumen, 10 m unterhalb des Gipfels. Beste Windrichtung ONO."
Solothurn,Brandberg,Brandberg,47.2982,7.5684,1026,0,1,1,1,1,0,0,0,,,Süd,jura,Jura Zentral,,,Vor dem Fliegen Genehmigung einholen: www.flugschule-jura.ch,GENEHMIGUNG: ohne Freigabe der Flugschule kein Start → organisatorisches no_go bis Genehmigung vorliegt.,Startplatz der lokalen Flugschule.
Solothurn,Obere Wengi,Sonnenberg,47.3247,7.6038,1156,0,0,0,1,1,0,0,0,,,Süd,jura,Jura Zentral,,,Vor dem Fliegen Genehmigung erforderlich: www.flugschule-jura.ch,GENEHMIGUNG: ohne Freigabe der Flugschule kein Start → organisatorisches no_go bis Genehmigung vorliegt.,Startplatz der örtlichen Flugschule.
Berneroberland,Wispile,Wispile Mitte,46.4487,7.2958,1640,1,1,0,0,0,0,1,1,,,Süd,voralpen,Freiburger Voralpen,,,,,Alternativer Startplatz auf der Wispile: von der Mittelstation der Gondel 200 m nach rechts oben.
Tessin,Monte Tamaro,Tamaro -Gipfel,46.1088,8.88548,1839,0,0,0,1,1,1,0,0,,,Nord,alpen,Tessin Zentral,,,,,
Tessin,Cima di Medeglia,Cima di Medeglia,46.1299,8.94648,1245,0,0,0,0,0,1,0,0,,,Nord,alpen,Tessin Zentral,,,,,
Graubünden,Schatzalp,Medergen-Wangegg,46.8035,9.75457,2279,0,0,0,0,0,1,1,0,,,Beide,alpen,Prättigau - Davos,,,,,Start am Hang.
Tessin,Parusciana,Parusciana,46.241,9.0539,1210,0,0,0,1,1,1,1,0,,,Nord,alpen,Tessin Zentral,,,,,"Schöner, grasbewachsener Startplatz mit Windsack."
Graubünden,Bündner Rigi,Bündner Rigi,46.7488,9.17434,1579,0,1,1,0,0,0,0,0,,,Beide,hochalpin,Surselva,,,,,"Grosse Wiese direkt unterhalb der Strasse, gut geeignet als Startplatz."
Graubünden,Ladir,Riein,46.7553,9.24559,1710,0,0,0,0,0,0,1,0,,,Beide,hochalpin,Surselva,,,"Nicht nutzen, wenn das Gras nicht gemäht ist.","SPERRE (Zustand): bei ungemähtem Gras nicht nutzen → dann no_go, vor Ort prüfen.",
Zentralschweiz,Göschnenalpsee,Göscheneralpsee,46.646,8.49981,1725,0,0,1,0,0,0,0,0,,,Süd,alpen,Zentralschweizer Voralpen,,,,,Fliegen am Damm.
Graubünden,Muottas Muragl,Muottas Muragl,46.5219,9.90202,2453,0,0,0,0,1,1,0,0,,,Beide,hochalpin,Engadin Ober,,,,,
Tessin,St. Maria,Sasso della Guardia,46.219,9.18354,2040,0,0,0,0,1,1,1,0,,,Nord,alpen,Tessin Zentral,Nur bei Gegenwind oder Windstille nutzbar (40 Grad Neigung).,HARTES GATE: Start nur bei Gegenwind oder Windstille (40° Neigung) — Seiten-/Rückenwindstunden zählen nicht als Startfenster.,Bei anderem Wind hohe Absturzgefahr beim Start - unbedingt Gegenwind oder Windstille abwarten.,WETTER-TRIGGER (hart): ohne Gegenwind oder Windstille hohe Absturzgefahr beim Start (40° Neigung) → Seiten-/Rückenwindstunden = no_go am Start.,
Tessin,St. Maria,Piz di Renten (Cima Croce),46.2924,9.14406,2122,0,0,0,0,1,1,1,0,,,Nord,alpen,Tessin Zentral,,,,,
Tessin,St. Maria,Bogiàn,46.2314,9.13764,685,0,0,0,0,1,1,0,0,,,Nord,alpen,Tessin Zentral,"Optimal für abendliche dynamische Flüge, bei guten Bedingungen mit Sonnenuntergangsblick.",FENSTER-VERSCHIEBUNG: Abend-Spot (dynamische Abendflüge) → best_window abends; schwache Mittagsthermik nicht überbewerten.,Privatgelände - besondere Rücksicht und Respekt erforderlich.,"REGEL: Privatgelände → besondere Rücksicht; Hinweis, kein Status-Einfluss.",Anreisezeit 35-40 Minuten.
Tessin,St. Maria,El Pizzèt,46.252,9.20961,2168,0,0,0,0,1,1,1,0,,,Nord,alpen,Tessin Zentral,,,,,"Langer Hike&Fly mit 2000 m Aufstieg, Ausblick auf die Täler von Grono und Cama."
Tessin,Parusciana,Corno di Gesero,46.1851,9.13082,2181,0,0,0,1,1,1,0,0,,,Nord,alpen,Tessin Zentral,,,,,Startplatz unterhalb des Kommunikationsgebäudes.
Tessin,Parusciana,Piz de Molinera,46.2704,9.06791,2233,0,0,0,1,1,1,0,0,,,Nord,alpen,Tessin Zentral,,,,,Startplatz rechts des Gipfels.
Tessin,St. Maria,Laghet de Sambrog,46.2599,9.24556,2067,0,0,0,1,1,1,1,0,,,Nord,alpen,Tessin Zentral,,,,,
Tessin,Malvaglia,Piz Uccello,46.4982,9.19884,2657,0,0,0,1,1,1,0,0,,,Beide,hochalpin,Engadin Unter,,,,,
Tessin,St. Maria,"Campel Alt, Passo di",46.3306,9.27341,2039,0,0,0,1,1,1,1,0,,,Nord,alpen,Tessin Zentral,,,,,
Zentralschweiz,Zug,Zugerberg,47.1478,8.53573,938,0,0,0,0,0,1,1,1,,,Süd,voralpen,Mittelland Zentral,,,,,"Grosse, eher flache Wiese; Toplanding möglich."
Schwyz,Rotenflue,Rotenflue,47.0186,8.70177,1554,0,0,1,1,1,1,1,0,,,Süd,alpen,Zentralschweizer Voralpen,,,,,Mehrere Startmöglichkeiten; Rampe für Hängegleiter.
Graubünden,Varuna,Stabli da Varuna,46.3492,10.0374,1922,0,0,0,1,1,1,0,0,,,Beide,hochalpin,Engadin Ober,,,,,
Tessin,Cari,"Carì, Lago di Pro da Lèi",46.512,8.82048,2293,0,0,1,1,1,1,1,0,,,Nord,hochalpin,Tessin Nord,Dezember bis März einfacher Start im Skigebiet; ausserhalb der Skisaison anspruchsvoll.,"SAISON-KONTEXT: Dez-März normal bewerten (Skigebiet); ausserhalb der Saison erschwerter Start → konservativeres Rating, kein hartes Cap.",Ausserhalb der Skisaison Vorsicht vor grossen Felsen - nur für fortgeschrittene Piloten.,"SAISON: ausserhalb der Skisaison grosse Felsen → Start-caution, nur fortgeschrittene Piloten.",
Tessin,Cari,Brusada,46.505,8.82025,2011,0,0,1,1,1,1,1,0,,,Nord,hochalpin,Tessin Nord,,,,,
Tessin,Cari,"Carì, diint",46.4977,8.82694,1733,0,0,0,1,1,1,0,0,,,Nord,hochalpin,Tessin Nord,,,,,
Wallis,Virage,Vionnaz Turn,46.3195,6.87959,1002,0,0,0,1,1,0,0,0,,,Süd,alpen,Waadtländer Alpen,,,Steiler Hang - erhöhtes Risiko bei Fehlstarts und Landungen.,STATISCH: steiler Hang → erhöhtes Risiko bei Fehlstarts/Landungen; caution.,Geeignet für dynamische Starts bei passendem Wind.
Wallis,Frassette,Vionnaz Frassette Lieu-dit Pro-de-Chaud,46.3207,6.86777,1311,0,0,1,1,0,0,0,0,,,Süd,alpen,Waadtländer Alpen,,,,,
Waadt,Les Pleiades,Lally,46.4782,6.90986,1236,0,0,0,1,1,1,0,0,,,Süd,alpen,Waadtländer Alpen,,,,,
Tessin,Malvaglia,"Camou, Pian San Giacomo",46.4204,9.23573,1348,0,0,0,1,1,1,0,0,,,Nord,alpen,Tessin Zentral,,,Seitenwindgefahr bei Start an der Wasserstation - besser vom Rasen am Strassenende unter den Bäumen starten.,WETTER-TRIGGER: Seitenwind an der Wasserstation → besser vom Alternativplatz am Strassenende starten (caution + Empfehlung).,
Berneroberland,Interlaken,Hohwald,46.714,7.82397,1585,0,0,1,1,1,1,1,0,,,Beide,alpen,Berner Voralpen,,,,,
Wallis,Les Verneys,Les Verneys,46.2469,7.04653,1169,1,0,0,0,0,1,1,1,,,Süd,alpen,Waadtländer Alpen,,,,,
Wallis,Soi d'en Haut,Valerette,46.2062,6.94799,2019,1,1,1,1,1,0,1,1,,,Süd,alpen,Waadtländer Alpen,,,,,
Graubünden,Corvatsch,Soglio,46.3456,9.54813,1504,0,0,0,1,1,1,0,0,,,Beide,hochalpin,Engadin Unter,,,Hohes Gras und weidende Tiere beachten.,ZUSTAND: hohes Gras und weidende Tiere → vor Ort prüfen; caution.,Grosse Almwiesen mit viel Platz.
Waadt,Roc Orsay,Les Bouquetins,46.3205,7.06878,1849,0,0,0,0,1,0,0,0,,,Süd,alpen,Waadtländer Alpen,,,,,
Waadt,Roc Orsay,L’Alpe des Chaux,46.2953,7.10909,1809,0,0,0,1,1,0,0,0,,,Süd,alpen,Waadtländer Alpen,,,,,
Fribourg,Schwyberg,Cousimbert,46.6919,7.18543,1633,1,1,0,0,0,1,1,1,,,Süd,voralpen,Schwarzsee / Gantrisch,,,Startplatz von Dezember bis Juni gesperrt.,"SPERRE (Saison): Dezember bis Juni gesperrt → in diesem Zeitraum no_go, unabhängig vom Wetter.",
Fribourg,Le Levanchy,Vacheresse,46.5634,7.13173,1800,1,0,0,0,0,1,1,1,,,Süd,voralpen,Freiburger Voralpen,,,,,
Fribourg,Le Levanchy,Tsermont,46.5378,7.14026,2139,0,0,0,0,0,1,1,1,,,Süd,voralpen,Freiburger Voralpen,,,,,
Fribourg,Le Levanchy,Vanil du Van,46.5436,7.12935,1966,0,0,0,0,0,1,1,1,,,Süd,voralpen,Freiburger Voralpen,,,,,
Fribourg,Le Levanchy,les Millets,46.5044,7.09002,1858,0,0,0,0,1,1,0,0,,,Süd,voralpen,Freiburger Voralpen,,,,,
Fribourg,Le Levanchy,Pra de Cray,46.495,7.11099,2083,0,0,0,1,1,1,1,1,,,Süd,voralpen,Freiburger Voralpen,,,,,
Fribourg,Le Levanchy,l'Aiguille,46.4869,7.07028,1712,0,0,0,1,1,1,0,0,,,Süd,voralpen,Freiburger Voralpen,,,,,
Waadt,En Curnaux,En Curnaux,46.2972,7.02401,1166,0,0,0,0,1,1,0,0,,,Süd,alpen,Waadtländer Alpen,,,,,
Wallis,Chou ou Tsou,Randonnaz,46.1679,7.14594,1370,0,0,0,1,1,1,1,0,,,Beide,hochalpin,Unterwallis,,,,,Gute Wiese als Startplatz.
Wallis,Les Verneys,La Tourche,46.2143,7.06211,2184,1,1,0,0,1,1,1,1,,,Süd,alpen,Waadtländer Alpen,,,,,
Tessin,Cima di Medeglia,Monte Bar,46.1,9.01319,1587,0,0,0,1,1,1,0,0,,,Nord,alpen,Tessin Zentral,,,,,
Tessin,Cima di Medeglia,Moschera,46.0851,8.95059,1139,0,0,0,1,1,1,1,0,,,Nord,alpen,Tessin Zentral,,,,,
Tessin,Mornera,Capanna Albagno,46.2223,8.95643,1858,0,0,0,1,1,1,1,0,,,Nord,alpen,Tessin Zentral,,,,,
Wallis,Chou ou Tsou,Chou (tsou),46.1918,7.16051,1455,0,0,1,1,0,0,0,0,,,Beide,hochalpin,Unterwallis,,,,,
Berneroberland,Schatthorn,Seewlen oben,46.4739,7.48208,2090,0,0,0,0,0,1,1,1,,,Süd,voralpen,Freiburger Voralpen,,,,,
Berneroberland,Schatthorn,Seewlen,46.4718,7.47815,1960,0,0,0,0,0,1,1,1,,,Süd,voralpen,Freiburger Voralpen,,,,,
Tessin,St. Maria,Ceta,46.3966,9.21137,1530,0,0,1,1,1,0,0,0,,,Nord,alpen,Tessin Zentral,Gut am Morgen bis 12:00 Uhr (Ostausrichtung).,"FENSTER-CAP: Ost-Ausrichtung → produktiv nur bis ~12:00; best_window vormittags, Nachmittagsstunden abwerten.",,,Korridor führt zur Haupt-Thermikquelle.
Tessin,Malvaglia,"Suossa, San Bernardino",46.4411,9.20046,1700,0,0,0,1,1,0,0,0,,,Nord,alpen,Tessin Zentral,Geeignet für Thermikflüge am Sommerabend (Westseite der Berge gut erreichbar).,FENSTER-VERSCHIEBUNG: Sommerabend-Spot (Westseiten erreichbar) → best_window abends; Tag nicht allein nach Mittagswerten bewerten.,,,Startplatz einfach vom Parkplatz Du Lac erreichbar.
Tessin,Malvaglia,"Bocchetta de Curciusa, San Bernardino",46.4535,9.22686,2280,0,0,0,0,1,1,1,0,,,Nord,alpen,Tessin Zentral,,,Kurze Startbahn - nur für Piloten mit viel Alpinerfahrung.,ANSPRUCH: kurze Startbahn → nur mit viel Alpinerfahrung; Start-caution.,
Tessin,Malvaglia,Bocca de Rogna - San Bernardino,46.4255,9.16408,2382,0,0,1,1,1,0,0,0,,,Nord,alpen,Tessin Zentral,Morgens gut für Hike & Fly.,FENSTER-VERSCHIEBUNG: Morgen-Spot (Hike&Fly) → best_window morgens; Nachmittag nicht massgeblich.,,,Empfohlene Route über die Pässe von San Bernardino.
Tessin,Malvaglia,"Confin, San Bernardino",46.4607,9.16336,2147,0,0,1,1,1,0,0,0,,,Nord,alpen,Tessin Zentral,,,,,"Leichter Grasstartplatz, geeignet für einfache Hike & Flys."
Tessin,St. Maria,Bochèta de Vegeina,46.3041,9.14708,2284,0,0,1,1,1,0,0,0,,,Nord,alpen,Tessin Zentral,,,,,"Startplatz auf grasbewachsener Kuppe, markiert durch einen Steinmann."
Waadt,Dent de Vaulion,Dent de Vaulion,46.684,6.3505,1466,0,0,0,0,0,0,0,1,,,Süd,mittelland,Genferseeregion,,,"Klippenstart - erfordert spezielle Technik, Absturzgefahr bei Fehlern; nur erfahrene Piloten.","STATISCH/ANSPRUCH: Klippenstart, Absturzgefahr bei Fehlern → nur erfahrene Piloten, hohe Start-caution.",
Waadt,Dent de Vaulion,L'Orient - Les Esserts,46.5927,6.24413,1275,0,0,0,0,0,0,0,1,,,Süd,mittelland,Genferseeregion,,,Am Startplatz im Korridor bleiben bis zum Ausgang.,REGEL: am Start im Korridor bleiben bis zum Ausgang → Verfahrens-Hinweis.,
Wallis,Croix de L'Aiguille,Les Pétis,46.1949,6.86982,1512,0,0,0,1,0,0,0,0,,,Süd,alpen,Waadtländer Alpen,,,,,
Wallis,Vercorin,Vercorin,46.2594,7.52902,1297,0,0,0,0,0,0,1,0,,,Beide,hochalpin,Unterwallis,,,,,
Wallis,Soi d'en Haut,Les Giettes,46.2205,6.95777,1380,0,1,0,0,0,0,0,0,,,Süd,alpen,Waadtländer Alpen,,,,,
Wallis,Soi d'en Haut,Refuge de Chalin,46.1793,6.94771,2585,1,1,1,0,0,0,1,1,,,Süd,alpen,Waadtländer Alpen,Ost-Startplatz liegt tief und benötigt Gegenwind.,Mindest-Voraussetzung: tiefer Ost-Start braucht Gegenwind — bei Flaute/falscher Richtung erschwerter Start → konservativ bewerten; kein hartes Cap.,"Felsiger Startplatz, nur teilweise Grasbewuchs.","STATISCH: felsiger Startplatz, nur teilweise Gras → Start-caution.",
Waadt,Dent de Vaulion,Crêt Blanc,46.6454,6.34634,1406,0,0,0,0,0,0,1,0,,,Süd,mittelland,Genferseeregion,,,"Wenn das Soaring nicht trägt, rechtzeitig nach rechts Richtung Le Pont abdrehen. Notlandung links auf dem Plateau des Croisettes möglich.","VERFAHREN: trägt das Soaring nicht, rechtzeitig nach rechts Richtung Le Pont abdrehen; Notlandung auf Plateau des Croisettes → als caution/Verfahrenshinweis aufnehmen.",West-Startplatz; Hauptlandeplatz Le Pont.
Berneroberland,Wasserscheide,Obere Gurnigal,46.7489,7.46212,1538,0,1,1,1,0,0,0,0,,,Süd,hochalpin,Berner Oberland,,,,,"Leichter, sanfter Hang."
