region,fluggebiet,site_name,latitude,longitude,elevation_m,windrichtung,ideal_wind_max_kmh,slope_azimuth,slope_angle,kritischer_foehn,Bemerkungen
Zürich,Uetliberg,Balderen,47.3226,8.5008,730,NO-O,30,225,30,Süd,"[INFO] Kein klassisches Soaring, Wind drückt Thermik an den Hang. [BEDINGUNG] WENN Wind < 15 km/h DANN hohes Risiko für Abgleiter (auch bei guter Thermik!). [BEDINGUNG] WENN Wind >= 15 km/h DANN Soaring möglich (unabhängig von Sonne/Bewölkung/Thermik). [BEDINGUNG] WENN Wind >= 20 km/h DANN sehr gute Bedingungen. [BEDINGUNG] WENN Wind >= 15 km/h UND gute Thermik DANN Top-Bedingungen."
Zentralschweiz,Engelberg,Tämpfeli,46.838,8.412,1800,S-SO,30,,,Süd,
Zentralschweiz,Engelberg,Brunnihütte,46.8425,8.4104,1870,W-SW,30,,,Süd,
Zentralschweiz,Engelberg,Fürenalp,46.805,8.4657,1800,S-W,30,,,Süd,
Zentralschweiz,Pilatus,Pilatus Kulm,46.9793,8.2552,2059,S-W,30,,,Süd,
Zentralschweiz,Zug,Zugerberg,47.14793,8.53581,947,N-SW,30,,,Süd,"Einfach bei Westwind, Mittel bei Nordwest oder Südwestwind"
Solothurn,Weissenstein,Weissenstein,47.25087,7.50999,1233,S-SO,30,,,Süd,"Schon wenige Km/h Westwind sorgen für Leerotoren bei der Baumschneise, die das erfolgreiche Passieren der Baumwipfel zur Glücksache werden lassen."
Solothurn,Weissenstein,Röti,47.25813,7.5277,1393,N-NO,30,,,Süd,
Schwyz,Hoch-Ybrig,Grosser Sternen,46.9996,8.8,1850,NNO-NNW,30,,,Süd,Hauptstartplatz im Sommer. Der meist gepistete Winterstarplatz befindet sich ca. 50 m in Richtung Seilbahn
Schwyz,Hoch-Ybrig,Tritt,47.0028,8.7969,1714,NNO-N,30,,,Süd,
Schwyz,Hoch-Ybrig,Tisch,47.0007,8.8118,1954,NO-NW,30,,,Süd,Besserer Einstieg in die Thermik als Tritt und Grosser Sternen
Schwyz,Hoch-Ybrig,Forstberg,47.0014,8.8226,2175,W-NNW,30,,,Süd,Alpiner Startplatz. Nur für tritt- und startsichere Piloten
Schwyz,Hoch-Ybrig,Steinhüttli,47.0095,8.8175,1582,N-NW,30,,,Süd,
Schwyz,Euthal,"Waldrand, oberhalb Kreuz",47.0936,8.8231,990,SW-NW,30,,,Süd,Skilift und Stromleitung beachten bei tiefen Landeanflügen. Bei Bise nicht fliegen. In der Mulde oberhalb des Skiliftes ist es sehr turbulent.
Schwyz,Euthal,Chli Aubrig,47.107,8.8628,1620,S-W,30,,,Süd,Wildschongebiet Studen beachten (Dezember bis April). Tierüberflug nur mit genügend Abstand. Bei Bise nicht fliegen. In der Mulde oberhalb des Skiliftes ist es sehr turbulent. [BEDINGUNG] WENN Wind >= 15 km/h DANN Soaring möglich und man kann fliegen. [BEDINGUNG] WENN Wind < 10 km/h DANN hohes Risiko für Abgleiter (auch bei guter Thermik!)
Schwyz,Hummel,Rotmoos,47.10318,8.7743,1045,NO-O,30,,,Süd,[BEDINGUNG] WENN Wind >= 15 km/h DANN Soaring möglich und man kann vom Rotmoos aus fliegen. [BEDINGUNG] WENN Wind < 10 km/h DANN hohes Risiko für Abgleiter (auch bei guter Thermik!)
Schwyz,Hummel,Hummel,47.09851,8.77263,1317,NW-NO,30,,,Süd,
Schwyz,Fronalpstock / Stoos,Gipfel Fronalpstock,46.9693,8.6372,1900,NO-O,30,,,Süd,
Schwyz,Fronalpstock / Stoos,Bietstöckli,46.97257,8.637,1850,W-N,30,,,Süd,
Schwyz,Fronalpstock / Stoos,Südstartplatz,46.9653,8.6401,1860,SO-S,30,,,Süd,Nicht geeignet bei Wind > 20 km/h wegen Rotoren!
Schwyz,Fronalpstock / Stoos,Charenstöckli,46.97339,8.6438,1807,N-O,30,,,Süd,Alternativstartplatz bei starkem N-NO Wind am Gipfel.
Schwyz,Rigi,Rigi Kulm,47.0555,8.4866,1765,SO-SW,30,,,Süd,"Vorsicht: Rotor an Felskante NE. Bitte um Rücksichtnahme auf Weidetiere, nicht toplanden."
Schwyz,Rigi,Rigi Staffelhöhe,47.0477,8.4599,1544,SSW-SSO,30,,,Süd,"SW nur benutzen, wenn Verbotstafel abgedeckt ist. Sonderregelung Lufträume beachten (siehe SHV-Website)"
Schwyz,Rigi,Seebodenalp,47.0622,8.4575,1035,W-NNW,30,,,Süd,
Schwyz,Rigi,Scheidegg,47.0277,8.5202,1652,NNO-NO,30,,,Süd,Abbruchzone sehr steil
Schwyz,Rotenflue,Bergstation,47.0216,8.7042,1550,NW-NO,30,,,Süd,
Schwyz,Rotenflue,Südwest,47.0177,8.7007,1510,SO-SW,30,,,Süd,
Schwyz,Urmiberg,Timpel,47.0122,8.5906,1140,SO-SW,30,,,Süd,
Schwyz,Urmiberg,Alp Schwand,47.0136,8.5856,1230,NW-NO,30,,,Süd,
Berneroberland,Grindelwald,First,46.6575,8.0551,2120,O-SW,30,,,Süd,
Berneroberland,Interlaken,Chalet,46.701,7.8196,1310,SSW-SO,30,,,Süd,Starke Talwinde bei labilen NW-Lagen ab Mittag möglich.
Berneroberland,Interlaken,Bergbo,46.7003,7.8208,1290,SSW-SO,30,,,Süd,Starke Talwinde bei labilen NW-Lagen ab Mittag möglich.
Berneroberland,Interlaken,Amisbühl oben,46.7025,7.8222,1325,SSO-SO,30,,,Süd,Starke Talwinde bei labilen NW-Lagen ab Mittag möglich.
Berneroberland,Interlaken,Amisbühl unten,46.7027,7.8233,1310,SSO-SO,30,,,Süd,Starke Talwinde bei labilen NW-Lagen ab Mittag möglich.
Berneroberland,Interlaken,Hohwald,46.7138,7.8238,1585,SW-SO,30,,,Süd,Starke Talwinde bei labilen NW-Lagen ab Mittag möglich.
Berneroberland,Interlaken,Luegibrüggli,46.691,7.8104,1060,SSW-SSO,30,,,Süd,Starke Talwinde bei labilen NW-Lagen ab Mittag möglich. Bei Bergwind am Landeplatz Lehn ist der Startplatz im Lee = nicht starten!
Berneroberland,Interlaken,Niederhorn,46.7111,7.7777,1953,SSW-SSO,30,,,Süd,Starke Talwinde bei labilen NW-Lagen ab Mittag möglich. Bei NW-Wind ungünstig (turbulent). Allgemein bei starken Höhenwinden ungünstig (Startplatz ist Wind ausgesetzt).
Berneroberland,Interlaken,Breitlauenen Kamel,46.6629,7.901,1580,NW-NNW,30,,,Süd,Starke Talwinde bei labilen NW-Lagen ab Mittag möglich. Bei starker Bise ist der Startplatz im Lee = nicht starten! Rega: Lufträume und Flugrouten beachten!
Berneroberland,Adelboden,Schwandfeldspitz,46.49722,7.54174,2008,W-S,30,,,Süd,Föhnanfälliges Fluggebiet
Bern,Bözingenberg,Décollage West,47.170201,7.27709,908,SO-SW,30,,,Süd,
Bern,Bözingenberg,Décollage Ost,47.17468,7.29398,932,O-SW,30,,,Süd,
Bern,Chasseral Nord,Chasseral Nord,47.128476,7.046844,1550,NW-N,30,,,Süd,
Bern,Chasseral Süd,Chasseral Süd,47.126597,7.047192,1518,SO-S,30,,,Süd,
Bern,Chaumont,Chaumont,47.053394,6.978083,1123,WNW-NNW,30,,,Süd,
Bern,Corgémont,Corgémont,47.173494,7.136994,1103,NNW-NNO,30,,,Süd,
Bern,Falkenflue,Falkenflue,46.824061,7.636739,1002,WNW-WSW,30,,,Süd,
Bern,Graitery,Graitery,47.256667,7.375111,1193,NW-N,30,,,Süd,
Bern,Grenchenberg Nord,Grenchenberg Nord,47.229806,7.380025,1329,NW-N,30,,,Süd,
Bern,Montagne de Sorvillier,Montagne de Sorvillier,47.224094,7.314959,1198,NNW-NNO,30,,,Süd,
Bern,Montoz Nord,Montoz Nord,47.208183,7.216294,1234,NW-N,30,,,Süd,
Bern,Montoz Süd,Montoz Süd,47.206450,7.215622,1259,OSO-SSO,30,,,Süd,
Bern,Walenmatt,Walenmatt,47.284622,7.485753,1229,WNW-NNW,30,,,Süd,
Berneroberland,Abendberg,Abendberg,46.622644,7.522444,1823,WNW-NNW,30,,,Süd,
Berneroberland,Albristhubel,Albristhubel,46.511686,7.462989,2126,SSW-SSO,30,,,Süd,
Berneroberland,Allmenalp,Allmenalp,46.495022,7.650092,1812,ONO-OSO,30,,,Süd,
Berneroberland,Axalp Skiberg,Axalp Skiberg,46.716394,8.035386,1593,W-NW,30,,,Süd,
Berneroberland,Betelberg,Betelberg,46.434392,7.413825,1921,O-S,30,,,Süd,
Berneroberland,Blümlisalphütte,Blümlisalp,46.470144,7.689322,2713,WNW-WSW,30,,,Süd,
Berneroberland,Brienzer Rothorn,Brienzer Rothorn,46.787175,8.043019,2268,SO-SW,30,,,Süd,
Berneroberland,Danielsweid,Danielsweid,46.558117,7.400806,1345,WNW-WSW,30,,,Süd,
Berneroberland,Eggli,Eggli,46.463228,7.266447,1545,ONO-OSO,30,,,Süd,
Berneroberland,Engstligenalp,Engstligenalp 1,46.448772,7.564358,1962,WNW-NNW,30,,,Süd,
Berneroberland,Engstligenalp,Engstligenalp 2,46.447608,7.575578,2194,WNW-WSW,30,,,Süd,
Berneroberland,Flöschhorn,Flöschhorn,46.463344,7.405956,2069,NO-SO,30,,,Süd,
Berneroberland,Galm,Galm,46.544728,7.518919,2006,W-NW,30,,,Süd,
Berneroberland,Grimer,Grimer,46.553675,7.682392,1617,SW-W,30,,,Süd,
Berneroberland,Gündlischwand-Iselten,Gündlischwand-Iselten,46.656072,7.922383,1828,O-SO,30,,,Süd,
Berneroberland,Hochstollen,Hochstollen,46.773308,8.238281,2464,WNW-WSW,30,,,Süd,
Berneroberland,Hofstetter Gummen,Hofstetter Gummen,46.779083,8.071331,1569,SSW-SSO,30,,,Süd,
Berneroberland,Horneggli,Horneggli,46.487592,7.311350,1804,SW-W,30,,,Süd,
Berneroberland,Huus,Huus,46.677067,7.536189,1546,SO-SW,30,,,Süd,
Berneroberland,Hügeligrat,Hügeligrat,46.519681,7.266497,1886,OSO-SSO,30,,,Süd,
Berneroberland,Hüttstett,Hüttstett,46.787944,8.194472,1662,NW-N,30,,,Süd,
Berneroberland,Jungfraujoch,Jungfraujoch,46.547289,7.978144,3485,NNW-NNO,30,,,Süd,
Berneroberland,Kuonisbergli,Kuonisbergli,46.473119,7.547247,1719,O-SO,30,,,Süd,
Berneroberland,Käserstatt,Käserstatt,46.757067,8.218175,1820,SSW-WSW,30,,,Süd,
Berneroberland,Mentschelenalp,Mentschelenalp,46.715497,7.509958,1394,NW-NO,30,,,Süd,
Berneroberland,Metsch,Metsch 1,46.443497,7.496628,2094,SSW-WSW,30,,,Süd,
Berneroberland,Metsch,Metsch 2,46.443369,7.487308,1954,S-NW,30,,,Süd,
Berneroberland,Mäggisseren,Mäggisseren,46.588067,7.609292,1738,SO-S,30,,,Süd,
Berneroberland,Männlichen,Männlichen,46.616389,7.938842,2283,ONO-OSO,30,,,Süd,
Berneroberland,Niesen,Niesen,46.644350,7.649222,2279,SSW-SSO,30,,,Süd,
Berneroberland,Oeschinen,Oeschinen 1,46.503403,7.696478,1739,S-W,30,,,Süd,
Berneroberland,Oeschinen,Oeschinen 2,46.501875,7.697469,1683,S-W,30,,,Süd,
Berneroberland,Pfingstegg,Pfingstegg,46.616133,8.056074,1398,NW-N,30,,,Süd,
Berneroberland,Planplatten,Planplatten 1,46.735992,8.254761,2234,O-SO,30,,,Süd,
Berneroberland,Planplatten,Planplatten 2,46.736739,8.254825,2239,SW-NW,30,,,Süd,
Berneroberland,Ramslauen,Ramslauen,46.579456,7.706519,1476,ONO-OSO,30,,,Süd,
Berneroberland,Rellerligrat,Rellerligrat,46.508583,7.262371,1809,SO-SW,30,,,Süd,
Berneroberland,Reuti,Reuti,46.737822,8.205569,1160,SSW-WSW,30,,,Süd,
Berneroberland,Rinderberg,Rinderberg 1,46.509919,7.361731,1909,NO-O,30,,,Süd,
Berneroberland,Rinderberg,Rinderberg 2,46.505478,7.356744,2070,WNW-NNW,30,,,Süd,
Berneroberland,Schatthorn,Schatthorn,46.471733,7.481081,2030,SW-NW,30,,,Süd,
Berneroberland,Schiltgrat,Schiltgrat,46.557031,7.872389,2105,O-SO,30,,,Süd,
Berneroberland,Schilthorn,Schilthorn,46.558142,7.832975,2939,NNO-ONO,30,,,Süd,
Berneroberland,Schynige Platte,Schynige Platte 1,46.658225,7.902928,1750,WNW-NNW,30,,,Süd,
Berneroberland,Stockhorn,Stockhorn 1,46.692731,7.537631,2082,SO-SW,30,,,Süd,
Berneroberland,Stockhorn,Stockhorn 2,46.693304,7.537648,2105,SO-SW,30,,,Süd,
Berneroberland,Tschuggen,Tschuggen,46.606419,7.945033,2245,SW-W,30,,,Süd,
Berneroberland,Waldspitz,Waldspitz,46.652481,8.041861,1990,SO-S,30,,,Süd,
Berneroberland,Wasserngrat,Wasserngrat 1,46.455694,7.325250,2015,SW-NW,30,,,Süd,
Berneroberland,Wasserngrat,Wasserngrat 2,46.459356,7.322433,1818,WNW-NNW,30,,,Süd,
Berneroberland,Wasserscheide,Wasserscheide,46.721772,7.445956,1604,NO-SO,30,,,Süd,
Berneroberland,Weissenberg,Weissenberg,46.489294,7.447014,1694,SW-NW,30,,,Süd,
Berneroberland,Windeck,Windeck,46.711600,8.036683,1823,W-N,30,,,Süd,
Berneroberland,Wispile,Wispile 1,46.436794,7.293406,1924,ONO-OSO,30,,,Süd,
Berneroberland,Wispile,Wispile 2,46.440044,7.292106,1894,WNW-WSW,30,,,Süd,
Berneroberland,Wispile,Wispile 3,46.440072,7.292881,1895,NNW-NNO,30,,,Süd,
Berneroberland,Wurmegg,Wurmegg,46.556222,7.887656,1707,ONO-OSO,30,,,Süd,
Fribourg,Gurli,Gurli,46.713530,7.282798,1415,NNO-ONO,30,,,Süd,
Fribourg,Hohmattli,Hohmattli 1,46.660903,7.316222,1696,W-NW,30,,,Süd,
Fribourg,Hohmattli,Hohmattli 2,46.669258,7.318147,1773,NNW-NNO,30,,,Süd,
Fribourg,La Vudalla,La Vudalla,46.550878,7.045519,1609,WNW-NNW,30,,,Süd,
Fribourg,Le Levanchy,Le Levanchy,46.545542,7.113042,1358,WNW-NNW,30,,,Süd,
Fribourg,Mont Moleson,Mont Moleson,46.548803,7.016969,1994,NO-SO,30,,,Süd,
Fribourg,Pfeiffe,Pfeiffe,46.741147,7.371756,1663,WNW-NNW,30,,,Süd,
Fribourg,Phyffe,Phyffe,46.731158,7.329375,1406,W-NO,30,,,Süd,
Fribourg,Riggisalp,Riggisalp,46.659214,7.293603,1475,NW-N,30,,,Süd,
Fribourg,Schwyberg,Schwyberg,46.677042,7.261106,1613,SO-SW,30,,,Süd,
Fribourg,Vounetse,Vounetse,46.625342,7.205897,1600,SSW-WSW,30,,,Süd,
Graubünden,Alp Darlux,Alp Darlux,46.624214,9.779858,2283,SSW-WSW,30,,,Süd,
Graubünden,Alp Grüm,Alp Grüm,46.375951,10.032875,2185,OSO-SSO,30,,,Süd,
Graubünden,Alp Grüm Sot,Alp Grüm Sot 1,46.257544,10.151811,1894,SW-W,30,,,Süd,
Graubünden,Alp Grüm Sot,Alp Grüm Sot 2,46.268197,10.144253,1866,SSW-WSW,30,,,Süd,
Graubünden,Alp Languard,Alp Languard 1,46.488081,9.922178,2307,SW-W,30,,,Süd,
Graubünden,Alp Languard,Alp Languard 2,46.488081,9.922178,2410,SSW-WSW,30,,,Süd,
Graubünden,Alp Stätz,Alp Stätz,46.756267,9.516372,2382,ONO-OSO,30,,,Süd,
Graubünden,Alp de la Creusch,Alp da la Creusch,46.705989,9.642131,2219,O-SO,30,,,Süd,
Graubünden,Aurafreida,Aurafreida,46.372947,10.092411,2135,SSW-WSW,30,,,Süd,
Graubünden,Bärgli,Bärgli,46.984456,9.818372,2130,OSO-SSO,30,,,Süd,
Graubünden,Bündner Rigi,Bündner Rigi,46.747769,9.175350,1593,NNO-ONO,30,,,Süd,
Graubünden,Caischavedra,Caischavedra,46.707736,8.809414,1997,OSO-SSO,30,,,Süd,
Graubünden,Calandasiten,Calandasiten,46.892833,9.469044,2663,OSO-SSO,30,,,Süd,
Graubünden,Cassons,Cassons 2,46.878889,9.266111,2649,SO-SW,30,,,Süd,
Graubünden,Cassons,Cassons Startplatz 1 Naraus 1,46.860000,9.268056,1829,SO-SW,30,,,Süd,
Graubünden,Cavaione,Cavaione,46.250564,10.113472,1564,OSO-SSO,30,,,Süd,
Graubünden,Corvatsch,Corvatsch,46.418147,9.821628,3289,N-NO,30,,,Süd,
Graubünden,Crap Sogn Gion,Crap Sogn Gion,46.834728,9.217025,2208,NNO-ONO,30,,,Süd,
Graubünden,Crap Sogn Gion,Crap Sogn Gion 2,46.834167,9.215394,2203,SSW-WSW,30,,,Süd,
Graubünden,Cugieri,Cugieri 1,46.689744,8.779492,1824,S-SW,30,,,Süd,
Graubünden,Cugieri,Cugieri 2,46.693358,8.782531,1992,SSW-WSW,30,,,Süd,
Graubünden,Diavolezza,Diavolezza 1,46.412708,9.964919,2974,WNW-WSW,30,,,Süd,
Graubünden,Diavolezza,Diavolezza 2,46.412708,9.964919,2995,W-N,30,,,Süd,
Graubünden,Dreibündenstein,Dreibündenstein,46.804792,9.495286,2169,S-NW,30,,,Süd,
Graubünden,Falera,Falera,46.798671,9.230484,1171,SO-S,30,,,Süd,
Graubünden,Fanas,Fanas 1,47.011772,9.697653,2294,SSW-WSW,30,,,Süd,
Graubünden,Fanas,Fanas 2,47.000439,9.684139,1793,SO-S,30,,,Süd,
Graubünden,Fanas,Fanas 3,46.998389,9.690733,1690,SO-S,30,,,Süd,
Graubünden,Feldis,Feldis 1,46.794956,9.428808,1441,SSW-WSW,30,,,Süd,
Graubünden,Feldis,Feldis 2,46.796278,9.455831,1965,SSW-SSO,30,,,Süd,
Graubünden,Gotschnagrat,Gotschnagrat 1,46.858738,9.845510,2278,NW-NO,30,,,Süd,
Graubünden,Gotschnagrat,Gotschnagrat 2,46.856250,9.849564,2238,SO-S,30,,,Süd,
Graubünden,Gürgaletsch,Gürgaletsch,46.795172,9.582286,2410,WNW-WSW,30,,,Süd,
Graubünden,Hitzeggen,Hitzeggen,46.735967,9.143608,2108,W-NW,30,,,Süd,
Graubünden,Jakobshorn,Jakobshorn 1,46.766206,9.851089,2499,S-W,30,,,Süd,
Graubünden,Jakobshorn,Jakobshorn 2,46.772819,9.846125,2525,SW-NW,30,,,Süd,
Graubünden,Jakobshorn,Jakobshorn 3,46.781092,9.848808,2467,NW-NO,30,,,Süd,
Graubünden,La Punt,La Punt,46.590194,9.909753,2409,ONO-OSO,30,,,Süd,
Graubünden,Ladir,Ladir,46.792689,9.210150,1271,OSO-SSO,30,,,Süd,
Graubünden,Lai Alv,Lai Alv 1,46.711369,8.788977,2469,SSW-SSO,30,,,Süd,
Graubünden,Lai Alv,Lai Alv 2,46.709456,8.788065,2480,WNW-WSW,30,,,Süd,
Graubünden,Montalin,Montalin,46.863458,9.590303,2256,SW-W,30,,,Süd,
Graubünden,Motta Naluns,Motta Naluns 1,46.809526,10.272710,2110,OSO-SSO,30,,,Süd,
Graubünden,Motta Naluns,Motta Naluns 2,46.812896,10.273193,2168,O-S,30,,,Süd,
Graubünden,Muottas Muragl,Muottas Muragl,46.521223,9.902415,2240,S-SW,30,,,Süd,
Graubünden,Parpaner Rothorn,Parpaner Rothorn,46.742286,9.602075,2841,SO-S,30,,,Süd,
Graubünden,Parsenn,Parsenn 1,46.831597,9.805281,2639,OSO-SSO,30,,,Süd,
Graubünden,Parsenn,Parsenn 2,46.837761,9.794594,2804,NNW-NNO,30,,,Süd,
Graubünden,Parsenn,Parsenn 3,46.820919,9.826492,2218,O-S,30,,,Süd,
Graubünden,Piz Ault,Piz Ault,46.726967,8.782886,2902,OSO-SSO,30,,,Süd,
Graubünden,Piz Lagalp,Piz Lagalp 1,46.430181,10.022128,2287,WNW-NNW,30,,,Süd,
Graubünden,Piz Lagalp,Piz Lagalp 2,46.429424,10.020942,2895,WNW-NNW,30,,,Süd,
Graubünden,Piz Lagalp,Piz Lagalp 3,46.430463,10.021849,2859,WNW-NNW,30,,,Süd,
Graubünden,Piz Martegnas,Piz Martegnas 1,46.581664,9.531761,2583,N-NO,30,,,Süd,
Graubünden,Piz Martegnas,Piz Martegnas 2,46.578217,9.530183,2638,WNW-WSW,30,,,Süd,
Graubünden,Piz Martegnas,Piz Martegnas 3,46.577044,9.530414,2654,NNO-ONO,30,,,Süd,
Graubünden,Piz Mundaun,Piz Mundaun,46.742264,9.158194,2053,SO-SW,30,,,Süd,
Graubünden,Piz Nair,Piz Nair,46.505800,9.789078,2979,OSO-SSO,30,,,Süd,
Graubünden,Plaun Tir,Plaun Tir,46.706325,8.796842,2172,SO-SW,30,,,Süd,
Graubünden,Präzer Alp,Präzer Alp 1,46.739467,9.379992,1925,OSO-SSO,30,,,Süd,
Graubünden,Präzer Alp,Präzer Alp 2,46.739297,9.373931,2112,OSO-SSO,30,,,Süd,
Graubünden,Sassiglion,Sassiglion 1,46.318597,10.094819,2069,SSW-WSW,30,,,Süd,
Graubünden,Sassiglion,Sassiglion 2,46.319925,10.093461,2015,SW-W,30,,,Süd,
Graubünden,Scalottas,Scalottas 1,46.721277,9.510169,2317,ONO-OSO,30,,,Süd,
Graubünden,Scalottas,Scalottas 2,46.719761,9.510647,2295,SSW-SSO,30,,,Süd,
Graubünden,Schatzalp,Schatzalp,46.805203,9.817144,1973,SO-S,30,,,Süd,
Graubünden,Schlans,Schlans,46.767850,8.996711,1928,SSW-SSO,30,,,Süd,
Graubünden,Somdoss,Somdoss,46.335844,10.020094,2185,OSO-SSO,30,,,Süd,
Graubünden,Somtgant,Somtgant 1,46.587506,9.547106,2258,NO-O,30,,,Süd,
Graubünden,Somtgant,Somtgant 2,46.589033,9.557694,2010,NNO-ONO,30,,,Süd,
Graubünden,Stein,Stein,46.725819,9.126269,2167,W-NW,30,,,Süd,
Graubünden,Stelserberg,Stelserberg,46.962028,9.724056,1480,S-SW,30,,,Süd,
Graubünden,Terza,Terza 1,46.620172,10.423711,1827,OSO-SSO,30,,,Süd,
Graubünden,Terza,Terza 2,46.625156,10.416094,2156,SO-S,30,,,Süd,
Graubünden,Trans,Trans,46.763669,9.460375,1454,SSW-SSO,30,,,Süd,
Graubünden,Varuna,Varuna,46.348522,10.036439,1928,OSO-SSO,30,,,Süd,
Graubünden,Vilan,Vilan,47.011728,9.590386,1794,SSW-WSW,30,,,Süd,
Graubünden,Weisshorn,Weisshorn 1,46.789025,9.637828,2637,SSW-WSW,30,,,Süd,
Graubünden,Weisshorn,Weisshorn 2,46.789522,9.638686,2649,NNO-ONO,30,,,Süd,
Graubünden,Weisshorn Winter,Weisshorn Winter,46.789111,9.639231,2618,SO-SW,30,,,Süd,
Jura,Boecourt,Boecourt,47.362958,7.206250,913,OSO-SSO,30,,,Süd,
Jura,Hohwacht,Hohwacht,47.376356,7.673628,1041,NNW-NNO,30,,,Süd,
Jura,Mont Raimeux Nord,Mont Raimeux Nord,47.307564,7.426296,1275,N-NO,30,,,Süd,
Jura,Mont Raimeux Süd,Mont Raimeux Süd,47.299294,7.424981,1232,SSW-SSO,30,,,Süd,
Jura,Passwang,Passwang,47.357628,7.650367,980,SSW-SSO,30,,,Süd,
Jura,Wasserfallen,Wasserfallen,47.374269,7.704692,1017,W-NW,30,,,Süd,
Neuenburg,La Robella,La Robella,46.872881,6.549433,1358,NNW-NNO,30,,,Süd,
Neuenburg,La Roche,La Roche,46.927042,6.747167,1384,OSO-SSO,30,,,Süd,
Neuenburg,Tete de Ran,Tete de Ran,47.053689,6.853353,1413,OSO-SSO,30,,,Süd,
Ostschweiz,Altwisstock,Altwisstock,47.210761,9.068350,1055,SSW-WSW,30,,,Süd,
Ostschweiz,Bodenberg,Bodenberg,46.973486,9.024197,1226,OSO-SSO,30,,,Süd,
Ostschweiz,Braunwald,Braunwald 1,46.938208,8.998050,1234,O-S,30,,,Süd,
Ostschweiz,Braunwald,Braunwald Gumen Startplatz Winter,46.955461,8.984295,1880,SSO-SW,30,,,Süd,
Ostschweiz,Braunwald,Braunwald Startplatz Gumengrat,46.959572,8.987394,2040,SO-SW,30,,,Süd,
Ostschweiz,Burst,Burst,47.208675,9.302100,1235,NNW-NNO,30,,,Süd,
Ostschweiz,Bärensolspitz,Bärensolspitz,47.100239,8.996386,1812,SO-S,30,,,Süd,
Ostschweiz,Chäserugg,Chäserugg 1,47.146778,9.323731,2193,ONO-OSO,30,,,Süd,
Ostschweiz,Chäserugg,Chäserugg 2,47.154972,9.313642,2255,NNO-ONO,30,,,Süd,
Ostschweiz,Chäserugg,Chäserugg 3,47.153500,9.304675,2304,WNW-WSW,30,,,Süd,
Ostschweiz,Durschlegi,Durschlegi,47.146128,9.119219,1118,OSO-SSO,30,,,Süd,
Ostschweiz,Ebenalp,Ebenalp 1,47.284861,9.411583,1594,NW-NO,30,,,Süd,
Ostschweiz,Ebenalp,Ebenalp 2,47.284056,9.410500,1594,NW-N,30,,,Süd,
Ostschweiz,Ebenalp,Ebenalp 3,47.283341,9.413019,1603,NO-S,30,,,Süd,
Ostschweiz,Elm,Elm 1,46.919475,9.150344,1494,OSO-SSO,30,,,Süd,
Ostschweiz,Elm,Elm 2,46.933411,9.133142,2097,OSO-SSO,30,,,Süd,
Ostschweiz,Elm,Elm 3,46.932803,9.130803,2083,SSW-SSO,30,,,Süd,
Ostschweiz,Elm,Elm 4,46.932478,9.141964,2022,OSO-SSO,30,,,Süd,
Ostschweiz,Fronalp,Fronalp,47.072365,9.091219,1343,WNW-NNW,30,,,Süd,
Ostschweiz,Garmil,Garmil,47.007881,9.400681,1857,NO-O,30,,,Süd,
Ostschweiz,Hamenberg - Rudolfingen,Hamenberg - Rudolfingen,47.643628,8.670981,485,SSW-WSW,30,,,Süd,
Ostschweiz,Hirzli,Hirzli,47.134156,9.007556,1611,NNW-NNO,30,,,Süd,
Ostschweiz,Hochhamm,Hochhamm,47.317097,9.245094,1271,NW-N,30,,,Süd,
Ostschweiz,Hoher Kasten,Hoher Kasten 1,47.285667,9.486056,1686,W-WNW,30,,,Süd,
Ostschweiz,Hoher Kasten,Hoher Kasten 2,47.286750,9.486583,1678,W-WNW,30,,,Süd,
Ostschweiz,Hoher Kasten,Hoher Kasten 3,47.287667,9.484972,1577,W-WNW,30,,,Süd,
Ostschweiz,Hoher Kasten,Hoher Kasten 4,47.287806,9.487972,1717,O-SO,30,,,Süd,
Ostschweiz,Hundwiler Höhi,Hundwiler Höhi,47.340700,9.333208,1297,SO-SW,30,,,Süd,
Ostschweiz,Hüsli Berneck,Hüsli Berneck,47.429650,9.596236,749,NNO-ONO,30,,,Süd,
Ostschweiz,Hüsliberg,Hüsliberg,47.189689,9.074622,1005,WNW-WSW,30,,,Süd,
Ostschweiz,Kerenzerberg,Kerenzerberg,47.109944,9.084589,664,WNW-WSW,30,,,Süd,
Ostschweiz,Kronberg,Kronberg 1,47.291528,9.328500,1639,NW-NO,30,,,Süd,
Ostschweiz,Kronberg,Kronberg 2,47.291219,9.328798,1649,S-SW,30,,,Süd,
Ostschweiz,Kronberg,Kronberg 3,47.291472,9.326833,1635,W-WNW,30,,,Süd,
Ostschweiz,Kronberg,Kronberg 4,47.292633,9.332961,1636,NW-N,30,,,Süd,
Ostschweiz,Leuggelstock,Leuggelstock,46.984994,9.028175,1646,OSO-SSO,30,,,Süd,
Ostschweiz,Maschgenkamm,Maschgenkamm,47.069533,9.252078,1991,ONO-OSO,30,,,Süd,
Ostschweiz,Motlinger Schwamm,Motlinger Schwamm,47.311008,9.510061,1131,N-NO,30,,,Süd,
Ostschweiz,Ob Lucken,Ob Lucken,47.763025,8.555758,888,SW-NW,30,,,Süd,
Ostschweiz,Opfertshofen,Opfertshofen,47.773128,8.655058,651,NNO-ONO,30,,,Süd,
Ostschweiz,Palfries,Palfries 1,47.088619,9.421997,1745,SW-NW,30,,,Süd,
Ostschweiz,Palfries,Palfries 2,47.074672,9.421972,1858,S-SW,30,,,Süd,
Ostschweiz,Pizol,Pizol 1,46.979822,9.436822,2224,O-SO,30,,,Süd,
Ostschweiz,Pizol,Pizol 2,46.979319,9.417464,2223,N-NO,30,,,Süd,
Ostschweiz,Pizol,Pizol 3,47.005197,9.422092,1473,NNO-ONO,30,,,Süd,
Ostschweiz,Prodkamm,Prodkamm,47.074350,9.268389,1920,WNW-NNW,30,,,Süd,
Ostschweiz,Rorschacherberg,Rorschacherberg,47.453553,9.500661,937,WNW-NNW,30,,,Süd,
Ostschweiz,Schönhalden,Schönhalden,47.060497,9.334614,1509,NNO-ONO,30,,,Süd,
Ostschweiz,St. Anton,St. Anton,47.411061,9.542525,1088,SO-S,30,,,Süd,
Ostschweiz,Stockberg,Stockberg,47.224150,9.237728,1517,S-W,30,,,Süd,
Ostschweiz,Studnerberg,Studnerberg,47.165769,9.424647,1076,N-O,30,,,Süd,
Ostschweiz,Säntis,Säntis,47.245918,9.347563,2375,SW-W,30,,,Süd,
Ostschweiz,Triesen,Triesen,47.131503,9.551525,1439,WNW-WSW,30,,,Süd,
Ostschweiz,Vorder Glärnisch,Vorder Glärnisch,47.022803,9.038728,2220,WNW-WSW,30,,,Süd,
Ostschweiz,Wissenberg,Wissenberg,46.968128,9.177686,1360,SW-W,30,,,Süd,
Schwyz,Chli Amsel,Chli Amsel,47.097372,8.743033,1397,W-NW,30,,,Süd,
Schwyz,Egelstock,Egelstock,47.057592,8.645133,1297,S-SW,30,,,Süd,
Schwyz,Gschwänd,Gschwänd,47.155808,8.871764,1064,N-NO,30,,,Süd,
Schwyz,Haggenegg,Haggenegg,47.054678,8.682306,1479,SSW-WSW,30,,,Süd,
Schwyz,Halsegg,Halsegg,47.091247,8.607064,1332,OSO-SSO,30,,,Süd,
Schwyz,Hochstuckli,Hochstuckli,47.057586,8.669736,1556,WNW-NNW,30,,,Süd,
Schwyz,Kistleralp,Kistleralp,47.155425,8.958906,1075,WNW-NNW,30,,,Süd,
Schwyz,Klingenstock,Klingenstock,46.957075,8.676489,1918,NNW-NNO,30,,,Süd,
Schwyz,Mostelegg,Startplatz Mostelegg,47.055512,8.659040,1266,SSW-SSO,30,,,Süd,
Schwyz,Ober Schrot,Ober Schrot,47.059758,8.840928,1393,NNW-NNO,30,,,Süd,
Schwyz,Pfaff,Pfaff,46.923417,8.867731,2098,NNW-NNO,30,,,Süd,
Schwyz,Sattelhöpfli,Sattelhöpfli,47.107603,8.811800,1298,OSO-SSO,30,,,Süd,
Schwyz,Schrähöchi,Schrähöchi,47.081689,8.787919,1474,NNO-ONO,30,,,Süd,
Schwyz,Spirstock,Spirstock,47.000975,8.771933,1761,SSW-SSO,30,,,Süd,
Schwyz,Ufem Tritt,Ufem Tritt,47.101650,8.741794,1309,WNW-NNW,30,,,Süd,
Schwyz,Wildspitz,Wildspitz,47.083697,8.577719,1550,OSO-SSO,30,,,Süd,
Solothurn,Brandberg,Brandberg,47.298169,7.568433,1018,O-SO,30,,,Süd,
Solothurn,Bölchen,Bölchen,47.365758,7.802286,989,NO-O,30,,,Süd,
Solothurn,Chutz,Chutz,47.287703,7.671097,1106,SSW-WSW,30,,,Süd,
Solothurn,Grenchenberg Bützen,Grenchenberg Bützen,47.222556,7.391692,1260,OSO-SSO,30,,,Süd,
Solothurn,Hasenmatt Startplatz,Hasenmatt,47.242078,7.451494,1434,OSO-SSO,30,,,Süd,
Solothurn,Laupersdörfer Stierenberg,Laupersdörfer Stierenberg,47.331953,7.644931,1051,OSO-SSO,30,,,Süd,
Solothurn,Obere Wengi,Obere Wengi,47.325903,7.627300,951,SSW-SSO,30,,,Süd,
Solothurn,Schwengimatt,Schwengimatt,47.290965,7.677393,1057,NNW-NNO,30,,,Süd,
Solothurn,Stierenberg,Stierenberg,47.270342,7.560906,1173,OSO-SSO,30,,,Süd,
Solothurn,Tannmatt,Tannmatt,47.307747,7.564569,1126,O-SW,30,,,Süd,
Tessin,Alpe del Caviano,Alpe del Caviano,45.877803,9.007944,972,SSW-WSW,30,,,Süd,
Tessin,Bassa di Nara,Bassa di Nara,46.475081,8.868908,2107,O-SO,30,,,Süd,
Tessin,Bedöll,Bedöll,45.906736,9.004350,1148,SSW-WSW,30,,,Süd,
Tessin,Cari,Cari 1,46.494856,8.823514,1649,SSW-SSO,30,,,Süd,
Tessin,Cari,Cari 2,46.505958,8.818389,2052,SSW-SSO,30,,,Süd,
Tessin,Cari,Cari 3,46.509117,8.817567,2145,SSW-SSO,30,,,Süd,
Tessin,Cima di Medeglia,Cima di Medeglia,46.116597,8.944361,841,SW-W,30,,,Süd,
Tessin,Cimetta,Cimetta,46.199819,8.787942,1616,S-SW,30,,,Süd,
Tessin,Gorda,Gorda,46.497714,8.910897,1799,OSO-SSO,30,,,Süd,
Tessin,Malvaglia,Malvaglia,46.425817,8.996936,1519,SSW-WSW,30,,,Süd,
Tessin,Monte Bisbino,Monte Bisbino,45.873136,9.065858,1317,WNW-WSW,30,,,Süd,
Tessin,Monte Generoso,Monte Generoso 1,45.929019,9.021696,1640,SSW-SSO,30,,,Süd,
Tessin,Monte Generoso,Monte Generoso 2,45.923914,9.013198,1530,S-SW,30,,,Süd,
Tessin,Monte Lema,Monte Lema,46.039003,8.830950,1577,O-SW,30,,,Süd,
Tessin,Monte Tamaro,Monte Tamaro,46.116497,8.893806,1516,O-SO,30,,,Süd,
Tessin,Monti di Gana,Monti di Gana,46.197022,8.907950,1272,SSW-SSO,30,,,Süd,
Tessin,Mornera,Mornera,46.205811,8.985833,1382,SSW-SSO,30,,,Süd,
Tessin,Parusciana,Parusciana,46.241808,9.054125,1250,SW-W,30,,,Süd,
Tessin,Parusciana,Parusciana,46.241744,9.054158,1249,SSW-SSO,30,,,Süd,
Tessin,St. Maria,St. Maria,46.267442,9.137928,1214,OSO-SSO,30,,,Süd,
Waadt,Dent de Vaulion,Dent de Vaulion,46.684164,6.350814,1480,WNW-NNW,30,,,Süd,
Waadt,En Curnaux,En Curnaux,46.296422,7.023003,1123,SSW-WSW,30,,,Süd,
Waadt,Isenau,Isenau,46.376519,7.194511,2100,S-SW,30,,,Süd,
Waadt,Jaman,Jaman,46.441711,6.976203,1751,W-NW,30,,,Süd,
Waadt,La Barilette,La Barilette,46.429475,6.132131,1420,OSO-SSO,30,,,Süd,
Waadt,La Berneuse,La Berneuse,46.359203,7.002464,2036,ONO-OSO,30,,,Süd,
Waadt,La Cotelette,La Cotelette,46.779778,6.485844,1266,OSO-SSO,30,,,Süd,
Waadt,La Dole,La Dole,46.427408,6.101594,1659,O-SO,30,,,Süd,
Waadt,La Montagnette,La Montagnette,46.446997,7.147108,1666,NNW-NNO,30,,,Süd,
Waadt,La Truche,La Truche,46.306925,7.031289,1415,SW-W,30,,,Süd,
Waadt,Le Chamossaire,Le Chamossaire,46.325742,7.062325,2062,OSO-SSO,30,,,Süd,
Waadt,Le Suchet,Le Suchet,46.772358,6.466464,1583,NNO-N,30,,,Süd,
Waadt,Les Diablerets,Les Diablerets,46.325021,7.207278,2872,NO-O,30,,,Süd,
Waadt,Les Pleiades,Les Pleiades 1,46.483132,6.907225,1358,SW-NW,30,,,Süd,
Waadt,Les Pleiades,Les Pleiades 2,46.478825,6.910639,1268,SSW-SSO,30,,,Süd,
Waadt,Les Rodoments,Les Rodoments,46.505656,7.221494,1792,SSW-WSW,30,,,Süd,
Waadt,Marnex,Marnex,46.367875,7.154353,1738,SSW-WSW,30,,,Süd,
Waadt,Mauborget,Mauborget,46.854019,6.612021,1176,SO-S,30,,,Süd,
Waadt,Meilleret,Meilleret,46.334500,7.120497,1945,WNW-WSW,30,,,Süd,
Waadt,Mont de Cerfs,Mont des Cerfs,46.812350,6.476975,1227,WNW-NNW,30,,,Süd,
Waadt,Roc Orsay,Roc Orsay,46.321528,7.068281,1881,SSW-SSO,30,,,Süd,
Waadt,Rochers de Naye,Rochers de Naye 1,46.431628,6.977878,1977,S-SW,30,,,Süd,
Waadt,Rochers de Naye,Rochers de Naye 2,46.431989,6.976614,2023,ONO-OSO,30,,,Süd,
Waadt,Sonchaux,Sonchaux,46.417908,6.951131,1394,SSW-WSW,30,,,Süd,
Waadt,St. Cergue,St. Cergue,46.444994,6.175728,1009,SO-S,30,,,Süd,
Waadt,Videmanette,La Videmanette 1,46.459847,7.205225,2147,O-SO,30,,,Süd,
Waadt,Videmanette,La Videmanette 2,46.454758,7.199139,2131,SSW-WSW,30,,,Süd,
Wallis,Aiguille de Champeys,Aiguille de Champeys,46.204117,6.847361,2016,OSO-SSO,30,,,Süd,
Wallis,Aminona,Aminona,46.341050,7.536206,1809,SSW-SSO,30,,,Süd,
Wallis,Belalp,Sommer,46.371400,7.975369,2051,OSO-SSO,30,,,Süd,
Wallis,Belalp,Winter,46.402936,7.965278,3021,OSO-SSO,30,,,Süd,
Wallis,Bellalui,Bellalui,46.344289,7.485850,2505,NO-W,30,,,Süd,
Wallis,Bendolla,Bendolla 1,46.177811,7.555378,2226,NNO-ONO,30,,,Süd,
Wallis,Bendolla,Bendolla 2,46.184528,7.559067,2201,SO-S,30,,,Süd,
Wallis,Blauherd,Blauherd,46.017142,7.785172,2554,WNW-WSW,30,,,Süd,
Wallis,Bächigalen,Bächigalen,46.487744,8.227353,2455,OSO-SSO,30,,,Süd,
Wallis,Chalavornaire,Chalavonaire,46.366167,6.855361,1108,NNW-NNO,30,,,Süd,
Wallis,Chou ou Tsou,Chou ou Tsou,46.191897,7.160961,1444,NO-O,30,,,Süd,
Wallis,Col de Sorebois,Col de Sorebois 1,46.148092,7.586897,2820,ONO-OSO,30,,,Süd,
Wallis,Col de Sorebois,Col de Sorebois 2,46.150553,7.586203,2882,SSW-WSW,30,,,Süd,
Wallis,Croix de Coeur,Croix de Coeur 1,46.121563,7.232963,2194,SSW-SSO,30,,,Süd,
Wallis,Croix de Coeur,Croix de Coeur 2,46.120811,7.228639,2165,OSO-SSO,30,,,Süd,
Wallis,Croix de Coeur,Croix de Coeur 3,46.117364,7.222781,2163,SO-SW,30,,,Süd,
Wallis,Croix de L'Aiguille,Croix de L'Aiguille,46.196261,6.860664,1825,NO-O,30,,,Süd,
Wallis,Cry d'Er,Cry d'Er,46.333972,7.478289,2230,SSW-SSO,30,,,Süd,
Wallis,Evolene,Evolene,46.122431,7.515817,2419,SSW-WSW,30,,,Süd,
Wallis,Fiescheralp,Fiescheralp,46.415689,8.105875,2238,OSO-SSO,30,,,Süd,
Wallis,Frassette,Frassette,46.320669,6.867750,1301,OSO-SSO,30,,,Süd,
Wallis,Galfera,Galfera,46.404558,8.095164,2172,SO-SW,30,,,Süd,
Wallis,Greicheralp,Greicheralp,46.377144,8.030506,1905,SO-SW,30,,,Süd,
Wallis,Haute-Nendaz,Haute-Nendaz,46.162036,7.283686,2183,N-NO,30,,,Süd,
Wallis,Heimat,Heimat,46.414619,8.108539,2142,OSO-SSO,30,,,Süd,
Wallis,Hockenhorngrat,Hockenhorngrat,46.426667,7.748011,3038,OSO-SSO,30,,,Süd,
Wallis,Jeizinen,Jeizinen,46.330714,7.729858,1637,SO-S,30,,,Süd,
Wallis,Kleines Matterhorn,Kleines Matterhorn,45.936656,7.729351,3806,WNW-WSW,30,,,Süd,
Wallis,Kühboden,Kühboden 1,46.411267,8.102803,2187,O-SO,30,,,Süd,
Wallis,Kühboden,Kühboden 2,46.412395,8.103372,2187,O-SO,30,,,Süd,
Wallis,La Breya,La Breya,46.020250,7.101756,2198,OSO-SSO,30,,,Süd,
Wallis,La Chaux Anteme,La Caux Anteme,46.165436,6.886144,1744,SW-W,30,,,Süd,
Wallis,La Jorette,La Jorette,46.304645,6.857239,1601,NNW-NNO,30,,,Süd,
Wallis,La Loutze,La Loutze,46.212953,7.164642,1784,OSO-SSO,30,,,Süd,
Wallis,La Tournelle,La Tournelle 1,46.121736,7.212217,2357,OSO-SSO,30,,,Süd,
Wallis,La Tournelle,La Tournelle 2,46.119742,7.209922,2360,SSW-SSO,30,,,Süd,
Wallis,Laucheralp,Laucheralp,46.410747,7.771050,1981,SO-S,30,,,Süd,
Wallis,Leiggern,Leiggern,46.326939,7.837717,1634,S-SW,30,,,Süd,
Wallis,Les Attelas,Les Attelas,46.100308,7.266936,2672,SW-W,30,,,Süd,
Wallis,Les Crosets,Les Crosets 1,46.190806,6.827881,2025,OSO-SSO,30,,,Süd,
Wallis,Les Crosets,Les Crosets 2,46.191031,6.815828,2266,WNW-WSW,30,,,Süd,
Wallis,Les Verneys,Les Vernays,46.247019,7.046819,1178,SW-W,30,,,Süd,
Wallis,Mayen,Mayen,46.314253,6.883608,890,OSO-SSO,30,,,Süd,
Wallis,Moosalp,Moosalp,46.244917,7.820764,2320,O-SO,30,,,Süd,
Wallis,Mutti,Mutti,46.438028,8.155278,1785,SSW-WSW,30,,,Süd,
Wallis,Orsieres,Orsieres,46.018781,7.121203,1297,ONO-OSO,30,,,Süd,
Wallis,Pas de Maimbre,Pas de Maimbre 1,46.312417,7.386681,2336,OSO-SSO,30,,,Süd,
Wallis,Pas de Maimbre,Pas de Maimbre 2,46.312350,7.385406,2353,WNW-WSW,30,,,Süd,
Wallis,Petit Mont Bonvin,Petit Mont Bonvin 1,46.352778,7.521017,2393,S-SW,30,,,Süd,
Wallis,Petit Mont Bonvin,Petit Mont Bonvin 2,46.347675,7.524272,2279,SSW-SSO,30,,,Süd,
Wallis,Plaine Morte,Plaine Morte,46.370389,7.487200,2907,S-SW,30,,,Süd,
Wallis,Planachaux,Planachaux 1,46.176733,6.840308,1929,SW-W,30,,,Süd,
Wallis,Planachaux,Planachaux 2,46.177361,6.840450,1934,NNO-ONO,30,,,Süd,
Wallis,Planachaux,Planachaux 3,46.175850,6.844458,1925,NNW-NNO,30,,,Süd,
Wallis,Planachaux,Planachaux 4,46.178228,6.840072,1911,NNW-NNO,30,,,Süd,
Wallis,Pointe de Bellevue,Pointe de Bellevue,46.249083,6.904725,1667,OSO-SSO,30,,,Süd,
Wallis,Portes D'Onne,Portes D'Onne,46.284292,6.865075,1918,OSO-SSO,30,,,Süd,
Wallis,Ried,Ried,46.327772,8.040628,1488,SSW-WSW,30,,,Süd,
Wallis,Riffelberg,Riffelberg,45.993297,7.752453,2552,WNW-NNW,30,,,Süd,
Wallis,Rinderhütte,Rinderhütte,46.369550,7.648464,2309,WNW-WSW,30,,,Süd,
Wallis,Roc D'Orsival,Roc D'Orsival,46.194842,7.534089,2809,NNW-NNO,30,,,Süd,
Wallis,Ruinette,Ruinettes,46.090006,7.251519,2167,SW-W,30,,,Süd,
Wallis,Sarreyer,Sarreyer,46.071636,7.263122,1945,SSW-SSO,30,,,Süd,
Wallis,Schwarzsee,Schwarzsee,45.991897,7.709219,2584,WNW-NNW,30,,,Süd,
Wallis,Seetalhorn,Seetalhorn,46.175960,7.858787,2861,SW-NW,30,,,Süd,
Wallis,Seetalhorn,Seetalhorn 1,46.175981,7.858567,2861,SW-NW,30,,,Süd,
Wallis,Seetalhorn,Seetalhorn 2,46.177736,7.859683,2839,NW-NO,30,,,Süd,
Wallis,Soi d'en Haut,Soi d'en Haut 1,46.186836,6.916528,2051,SSW-WSW,30,,,Süd,
Wallis,Soi d'en Haut,Soi d'en Haut 2,46.184722,6.916447,1933,SSW-WSW,30,,,Süd,
Wallis,Steibenkreuz,Steibenkreuz,46.447978,8.162336,2389,SSW-WSW,30,,,Süd,
Wallis,Sunnega,Sunnega,46.017997,7.770958,2311,W-N,30,,,Süd,
Wallis,Ulrichen,Ulrichen,46.517296,8.291196,2122,SO-S,30,,,Süd,
Wallis,Unterrothorn,Unterrothorn,46.021272,7.798431,3095,NNW-NNO,30,,,Süd,
Wallis,Vercorin,Vercorin 1,46.228959,7.529933,2329,SW-O,30,,,Süd,
Wallis,Vercorin,Vercorin 2,46.240633,7.527367,1897,N-NO,30,,,Süd,
Wallis,Vercorin,Vercorin 3,46.248250,7.520672,1418,NW-N,30,,,Süd,
Wallis,Vercorin,Vercorin 4,46.229361,7.527942,2322,W-NW,30,,,Süd,
Wallis,Veysonnaz,Veysonnaz,46.187481,7.345969,1619,SW-W,30,,,Süd,
Wallis,Virage,Virage,46.319747,6.879922,1011,OSO-SSO,30,,,Süd,
Zentralschweiz,Arvialp,Arvialp,46.892069,8.330175,1794,WNW-NNW,30,,,Süd,
Zentralschweiz,Beichlen,Beichlen 1,46.895019,7.969456,1714,W-N,30,,,Süd,
Zentralschweiz,Beichlen,Beichlen 2,46.897167,7.973042,1751,OSO-SSO,30,,,Süd,
Zentralschweiz,Bonistock,Bonistock,46.778092,8.290389,2158,N-NO,30,,,Süd,
Zentralschweiz,Bruniswald,Bruniswald,46.864328,8.396514,1562,W-NW,30,,,Süd,
Zentralschweiz,Brändlen,Brändlen 1,46.904889,8.409694,1247,WNW-NNW,30,,,Süd,
Zentralschweiz,Brändlen,Brändlen 2,46.902633,8.409892,1219,SSW-SSO,30,,,Süd,
Zentralschweiz,Brüsti,Brüsti 1,46.843833,8.606158,1540,NNO-ONO,30,,,Süd,
Zentralschweiz,Brüsti,Brüsti 2,46.843494,8.601186,1592,OSO-SSO,30,,,Süd,
Zentralschweiz,Buochser Horn,Buochser Horn,46.945039,8.428739,1793,SW-W,30,,,Süd,
Zentralschweiz,Büelen,Büelen,46.880959,8.365563,1095,O-SO,30,,,Süd,
Zentralschweiz,Chulm,Chulm,46.945661,8.550864,1838,WNW-WSW,30,,,Süd,
Zentralschweiz,Dossen,Dossen 1,47.027125,8.498619,1681,NNO-ONO,30,,,Süd,
Zentralschweiz,Dossen,Dossen 2,47.025449,8.499728,1665,SSW-WSW,30,,,Süd,
Zentralschweiz,Eggbergen,Eggbergen 1,46.903667,8.651750,1592,WNW-NNW,30,,,Süd,
Zentralschweiz,Eggbergen,Eggbergen 2,46.904236,8.643742,1428,W-NW,30,,,Süd,
Zentralschweiz,Farneren,Farneren 1,46.935019,8.043436,1544,N-NO,30,,,Süd,
Zentralschweiz,Farneren,Farneren 2,46.929153,8.033261,1510,S-SW,30,,,Süd,
Zentralschweiz,Fisetenpass,Fisetenpass,46.885750,8.934914,2051,WNW-NNW,30,,,Süd,
Zentralschweiz,Gemsstock,Gemsstock,46.604253,8.611958,2853,N-NO,30,,,Süd,
Zentralschweiz,Gitschenberg,Gitschenberg,46.877353,8.590400,1364,NNO-ONO,30,,,Süd,
Zentralschweiz,Gitschenen,Gitschenen,46.902444,8.504533,1580,OSO-SSO,30,,,Süd,
Zentralschweiz,Gotterli,Gotterli,47.012186,8.578025,1361,WNW-NNW,30,,,Süd,
Zentralschweiz,Gottschalkenberg,Gottschalkenberg,47.157500,8.648500,1162,NNW-NNO,30,,,Süd,
Zentralschweiz,Gurschenalp,Gurschenalp,46.616992,8.596911,2278,NW-N,30,,,Süd,
Zentralschweiz,Göschnenalpsee,Göschenenalpsee,46.647389,8.498050,1795,ONO-OSO,30,,,Süd,
Zentralschweiz,Gütsch,Gütsch,46.648069,8.610181,2086,SSW-WSW,30,,,Süd,
Zentralschweiz,Hagleren,Hagleren,46.836214,8.042628,1936,SSW-SSO,30,,,Süd,
Zentralschweiz,Haldi,Haldi,46.861447,8.676525,1152,SSW-WSW,30,,,Süd,
Zentralschweiz,Haldigrat,Haldigrat 1,46.902398,8.440633,1968,S-SW,30,,,Süd,
Zentralschweiz,Haldigrat,Haldigrat 2,46.902739,8.439839,1932,S-SW,30,,,Süd,
Zentralschweiz,Herlisberg,Herlisberg,47.198167,8.232744,714,NNO-ONO,30,,,Süd,
Zentralschweiz,Hochflue,Hochflue,47.011097,8.557636,1541,WNW-WSW,30,,,Süd,
Zentralschweiz,Klewenalp,Klewenalp,46.940211,8.476036,1594,NW-NO,30,,,Süd,
Zentralschweiz,Linderenalp,Linderenalp,46.870528,8.297142,1541,NW-N,30,,,Süd,
Zentralschweiz,Lutersee,Lutersee,46.855978,8.344067,1382,ONO-OSO,30,,,Süd,
Zentralschweiz,Marbachegg,Marbachegg 1,46.834706,7.904714,1479,WNW-NNW,30,,,Süd,
Zentralschweiz,Marbachegg,Marbachegg 2,46.832533,7.902858,1461,SO-S,30,,,Süd,
Zentralschweiz,Melchsee-Frutt,Melchsee-Frutt,46.778553,8.268794,1900,N-NO,30,,,Süd,
Zentralschweiz,Mettenen,Mettenen,46.880247,8.781386,1815,SSW-SSO,30,,,Süd,
Zentralschweiz,Musenalp,Musenalp,46.929044,8.442561,1751,WNW-NNW,30,,,Süd,
Zentralschweiz,Niederbauen - Emmetten,Niederbauen,46.946778,8.536444,1590,WNW-NNW,30,,,Süd,
Zentralschweiz,Nätschen,Nätschen,46.644397,8.607500,1869,SSW-WSW,30,,,Süd,
Zentralschweiz,Ober Büelen,Ober Büelen,46.854142,8.270425,1524,WNW-NNW,30,,,Süd,
Zentralschweiz,Ramenegg,Ramenegg,47.101892,8.614836,1124,ONO-OSO,30,,,Süd,
Zentralschweiz,Ratzi,Ratzi,46.888392,8.728911,1606,S-W,30,,,Süd,
Zentralschweiz,Rophaien,Rophaien,46.928108,8.646597,2063,N-O,30,,,Süd,
Zentralschweiz,Rotenfluespitz,Rotenfluespitz,46.877803,7.942397,1519,WNW-WSW,30,,,Süd,
Zentralschweiz,Ruedlen,Ruedlen,46.898367,8.317283,1277,SSW-WSW,30,,,Süd,
Zentralschweiz,Ruelen,Ruelen,46.898364,8.317425,1269,WNW-WSW,30,,,Süd,
Zentralschweiz,Ruogig,Ruogig,46.906036,8.690506,1859,SSW-WSW,30,,,Süd,
Zentralschweiz,Schartihöreli,Schartihöreli 1,46.896339,8.568022,1583,NO-O,30,,,Süd,
Zentralschweiz,Schartihöreli,Schartihöreli 2,46.891492,8.566661,1565,ONO-OSO,30,,,Süd,
Zentralschweiz,Schimbrig,Schimbrig,46.939836,8.114192,1807,WNW-NNW,30,,,Süd,
Zentralschweiz,Schön Chulm,Schön Chulm,46.916961,8.672844,2031,SSW-WSW,30,,,Süd,
Zentralschweiz,Schönbüel,Schönbüel,46.787344,8.098933,2011,SSW-SSO,30,,,Süd,
Zentralschweiz,Sittlisalp,Sittlisalp,46.854728,8.756997,1813,NNW-NNO,30,,,Süd,
Zentralschweiz,Spierberg,Spierberg,46.885989,7.992053,1512,OSO-SSO,30,,,Süd,
Zentralschweiz,Stanserhorn,Stanserhorn 1,46.929788,8.341176,1818,NNW-NNO,30,,,Süd,
Zentralschweiz,Stanserhorn,Stanserhorn 2,46.931026,8.343902,1818,SSW-SSO,30,,,Süd,
Zentralschweiz,Titlis,Titlis,46.773444,8.434219,3163,WNW-NNW,30,,,Süd,
Zentralschweiz,Tätsch,Tätsch,46.599219,8.480269,2296,OSO-SSO,30,,,Süd,
Zentralschweiz,Vitznau-Hinterbergen,Vitznau-Hinterbergen,47.012719,8.498092,1021,SSW-SSO,30,,,Süd,
Zentralschweiz,Wannelen,Wannelen,46.857061,8.788878,1628,NNW-NNO,30,,,Süd,
Zentralschweiz,Wirzweli,Wirzweli 1,46.913972,8.366917,1228,NNO-ONO,30,,,Süd,
Zentralschweiz,Wirzweli,Wirzweli 2,46.909170,8.375272,1474,W-NW,30,,,Süd,
Zentralschweiz,Wirzweli,Wirzweli 3,46.901659,8.361715,1567,N-NO,30,,,Süd,
Zentralschweiz,Wirzweli,Wirzweli 4,46.902431,8.365445,1599,SO-S,30,,,Süd,
Zentralschweiz,Wängihorn,Wängihorn,46.858406,8.713169,1923,SW-W,30,,,Süd,
Zürich,Alp Scheidegg,Alp Scheidegg,47.304667,8.943983,1209,SW-W,30,,,Süd,
Zürich,Oberrieden,Oberrieden Start-/Landeplatz,47.267236,8.575086,576,NNO-ONO,30,,,Süd,
